date,name,departure_time,price,cruise,starting,ending
2024-09-12,Road Master Bus President Cruise,9:30 AM,2680.0,President Cruise,Rawalpindi (Pirwadhai),Lahore
2024-09-12,Road Master Bus President Cruise,9:30 AM,2680.0,President Cruise,Rawalpindi (26 No. ISB),Lahore
2024-09-12,Road Master Bus Premium Cruise,9:30 AM,1990.0,Premium Cruise,Islamabad (FZB),Lahore
2024-09-12,Road Master Bus Premium Cruise,9:30 AM,1990.0,Premium Cruise,Rawalpindi (26 No. ISB),Lahore
2024-09-12,FM Bilal Travel Luxury,9:30 AM,1700.0,Luxury,Rawalpindi Faizabad,Lahore
2024-09-12,FM Bilal Travel Luxury,9:30 AM,1700.0,Luxury,Rawalpindi Kohistan Exp,Lahore
2024-09-12,FM Bilal Travel Luxury,9:30 AM,1700.0,Luxury,Rawalpindi 26 No,Lahore
2024-09-12,Daewoo Express Gold Class,9:30 AM,2793.4294871794873,Gold Class,Rawalpindi,Lahore Thokar
2024-09-12,Daewoo Express Gold Class,9:30 AM,2793.4294871794873,Gold Class,Rawalpindi,Lahore Kalma Chowk
2024-09-12,Daewoo Express Luxury,9:30 AM,2793.4294871794873,Luxury,"Rawalpindi (Faizabad, Isb)",Lahore Thokar
2024-09-12,Daewoo Express Luxury,9:30 AM,2793.4294871794873,Luxury,"Rawalpindi (Faizabad, Isb)",Lahore Kalma Chowk
2024-09-12,Daewoo Express Luxury,9:30 AM,2793.4294871794873,Luxury,Rawalpindi,Lahore Thokar
2024-09-12,Daewoo Express Luxury,9:30 AM,2793.4294871794873,Luxury,Rawalpindi,Lahore Kalma Chowk
2024-09-12,Daewoo Express Gold Class,9:30 AM,2793.4294871794873,Gold Class,"Rawalpindi (Faizabad, Isb)",Lahore Thokar
2024-09-12,Daewoo Express Gold Class,9:30 AM,2793.4294871794873,Gold Class,"Rawalpindi (Faizabad, Isb)",Lahore Kalma Chowk
2024-09-12,Skyways Executive Class,9:30 AM,2793.4294871794873,Executive Class,Islamabad,Lahore
2024-09-12,QConnect Business Class,9:30 AM,2793.4294871794873,Business Class,Islamabad,Lahore
2024-09-13,Road Master Bus President Cruise,9:30 AM,2680.0,President Cruise,Rawalpindi (Pirwadhai),Lahore
2024-09-13,Road Master Bus President Cruise,9:30 AM,2680.0,President Cruise,Rawalpindi (26 No. ISB),Lahore
2024-09-13,Road Master Bus Premium Cruise,9:30 AM,1990.0,Premium Cruise,Islamabad (FZB),Lahore
2024-09-13,Road Master Bus Premium Cruise,9:30 AM,1990.0,Premium Cruise,Rawalpindi (26 No. ISB),Lahore
2024-09-13,FM Bilal Travel Luxury,9:30 AM,1700.0,Luxury,Rawalpindi Faizabad,Lahore
2024-09-13,FM Bilal Travel Luxury,9:30 AM,1700.0,Luxury,Rawalpindi Kohistan Exp,Lahore
2024-09-13,FM Bilal Travel Luxury,9:30 AM,1700.0,Luxury,Rawalpindi 26 No,Lahore
2024-09-13,Daewoo Express Gold Class,9:30 AM,2793.4294871794873,Gold Class,Rawalpindi,Lahore Thokar
2024-09-13,Daewoo Express Gold Class,9:30 AM,2793.4294871794873,Gold Class,Rawalpindi,Lahore Kalma Chowk
2024-09-13,Daewoo Express Luxury,9:30 AM,2793.4294871794873,Luxury,"Rawalpindi (Faizabad, Isb)",Lahore Thokar
2024-09-13,Daewoo Express Luxury,9:30 AM,2793.4294871794873,Luxury,"Rawalpindi (Faizabad, Isb)",Lahore Kalma Chowk
2024-09-13,Daewoo Express Luxury,9:30 AM,2793.4294871794873,Luxury,Rawalpindi,Lahore Thokar
2024-09-13,Daewoo Express Luxury,9:30 AM,2793.4294871794873,Luxury,Rawalpindi,Lahore Kalma Chowk
2024-09-13,Daewoo Express Gold Class,9:30 AM,2793.4294871794873,Gold Class,"Rawalpindi (Faizabad, Isb)",Lahore Thokar
2024-09-13,Daewoo Express Gold Class,9:30 AM,2793.4294871794873,Gold Class,"Rawalpindi (Faizabad, Isb)",Lahore Kalma Chowk
2024-09-13,Skyways Executive Class,9:30 AM,2793.4294871794873,Executive Class,Islamabad,Lahore
2024-09-13,QConnect Business Class,9:30 AM,2793.4294871794873,Business Class,Islamabad,Lahore
2024-09-14,Road Master Bus President Cruise,12:30 AM,2680.0,President Cruise,Rawalpindi (Pirwadhai),Lahore
2024-09-14,Road Master Bus President Cruise,12:30 AM,2680.0,President Cruise,Rawalpindi (26 No. ISB),Lahore
2024-09-14,Road Master Bus Premium Cruise,12:30 AM,1990.0,Premium Cruise,Islamabad (FZB),Lahore
2024-09-14,Road Master Bus Premium Cruise,12:30 AM,1990.0,Premium Cruise,Rawalpindi (26 No. ISB),Lahore
2024-09-14,FM Bilal Travel Luxury,12:30 AM,1700.0,Luxury,Rawalpindi Faizabad,Lahore
2024-09-14,FM Bilal Travel Luxury,12:30 AM,1700.0,Luxury,Rawalpindi Kohistan Exp,Lahore
2024-09-14,FM Bilal Travel Luxury,12:30 AM,1700.0,Luxury,Rawalpindi 26 No,Lahore
2024-09-14,Daewoo Express Gold Class,12:30 AM,2793.4294871794873,Gold Class,Rawalpindi,Lahore Thokar
2024-09-14,Daewoo Express Gold Class,12:30 AM,2793.4294871794873,Gold Class,Rawalpindi,Lahore Kalma Chowk
2024-09-14,Daewoo Express Luxury,12:30 AM,2793.4294871794873,Luxury,"Rawalpindi (Faizabad, Isb)",Lahore Thokar
2024-09-14,Daewoo Express Luxury,12:30 AM,2793.4294871794873,Luxury,"Rawalpindi (Faizabad, Isb)",Lahore Kalma Chowk
2024-09-14,Daewoo Express Luxury,12:30 AM,2793.4294871794873,Luxury,Rawalpindi,Lahore Thokar
2024-09-14,Daewoo Express Luxury,12:30 AM,2793.4294871794873,Luxury,Rawalpindi,Lahore Kalma Chowk
2024-09-14,Daewoo Express Gold Class,12:30 AM,2793.4294871794873,Gold Class,"Rawalpindi (Faizabad, Isb)",Lahore Thokar
2024-09-14,Daewoo Express Gold Class,12:30 AM,2793.4294871794873,Gold Class,"Rawalpindi (Faizabad, Isb)",Lahore Kalma Chowk
2024-09-14,Skyways Executive Class,12:30 AM,2793.4294871794873,Executive Class,Islamabad,Lahore
2024-09-14,QConnect Business Class,12:30 AM,2793.4294871794873,Business Class,Islamabad,Lahore
2024-09-15,Road Master Bus President Cruise,12:30 AM 30 seats left,2680.0,President Cruise,Rawalpindi (Pirwadhai),Lahore
2024-09-15,Road Master Bus President Cruise,12:30 AM 30 seats left,2680.0,President Cruise,Rawalpindi (26 No. ISB),Lahore
2024-09-15,Road Master Bus Premium Cruise,12:30 AM 30 seats left,1990.0,Premium Cruise,Islamabad (FZB),Lahore
2024-09-15,Road Master Bus Premium Cruise,12:30 AM 30 seats left,1990.0,Premium Cruise,Rawalpindi (26 No. ISB),Lahore
2024-09-15,FM Bilal Travel Luxury,12:30 AM 30 seats left,1700.0,Luxury,Rawalpindi Faizabad,Lahore
2024-09-15,FM Bilal Travel Luxury,12:30 AM 30 seats left,1700.0,Luxury,Rawalpindi Kohistan Exp,Lahore
2024-09-15,FM Bilal Travel Luxury,12:30 AM 30 seats left,1700.0,Luxury,Rawalpindi 26 No,Lahore
2024-09-15,Daewoo Express Gold Class,12:30 AM 30 seats left,2793.4294871794873,Gold Class,Rawalpindi,Lahore Thokar
2024-09-15,Daewoo Express Gold Class,12:30 AM 30 seats left,2793.4294871794873,Gold Class,Rawalpindi,Lahore Kalma Chowk
2024-09-15,Daewoo Express Luxury,12:30 AM 30 seats left,2793.4294871794873,Luxury,"Rawalpindi (Faizabad, Isb)",Lahore Thokar
2024-09-15,Daewoo Express Luxury,12:30 AM 30 seats left,2793.4294871794873,Luxury,"Rawalpindi (Faizabad, Isb)",Lahore Kalma Chowk
2024-09-15,Daewoo Express Luxury,12:30 AM 30 seats left,2793.4294871794873,Luxury,Rawalpindi,Lahore Thokar
2024-09-15,Daewoo Express Luxury,12:30 AM 30 seats left,2793.4294871794873,Luxury,Rawalpindi,Lahore Kalma Chowk
2024-09-15,Daewoo Express Gold Class,12:30 AM 30 seats left,2793.4294871794873,Gold Class,"Rawalpindi (Faizabad, Isb)",Lahore Thokar
2024-09-15,Daewoo Express Gold Class,12:30 AM 30 seats left,2793.4294871794873,Gold Class,"Rawalpindi (Faizabad, Isb)",Lahore Kalma Chowk
2024-09-15,Skyways Executive Class,12:30 AM 30 seats left,2793.4294871794873,Executive Class,Islamabad,Lahore
2024-09-15,QConnect Business Class,12:30 AM 30 seats left,2793.4294871794873,Business Class,Islamabad,Lahore
2024-09-18,FM Bilal Travel Luxury,9:30 AM,1700.0,Luxury,Rawalpindi Faizabad,Lahore
2024-09-18,FM Bilal Travel Luxury,9:30 AM,1700.0,Luxury,Rawalpindi Kohistan Exp,Lahore
2024-09-18,FM Bilal Travel Luxury,9:30 AM,1700.0,Luxury,Rawalpindi 26 No,Lahore
2024-09-18,Skyways Executive Class,9:30 AM,2793.4294871794873,Executive Class,Islamabad,Lahore
2024-09-18,QConnect Business Class,9:30 AM,2793.4294871794873,Business Class,Islamabad,Lahore
2024-09-19,FM Bilal Travel Luxury,9:30 AM,1700.0,Luxury,Rawalpindi Faizabad,Lahore
2024-09-19,FM Bilal Travel Luxury,9:30 AM,1700.0,Luxury,Rawalpindi Kohistan Exp,Lahore
2024-09-19,FM Bilal Travel Luxury,9:30 AM,1700.0,Luxury,Rawalpindi 26 No,Lahore
2024-09-19,Skyways Executive Class,9:30 AM,2793.4294871794873,Executive Class,Islamabad,Lahore
2024-09-19,QConnect Business Class,9:30 AM,2793.4294871794873,Business Class,Islamabad,Lahore
2024-09-17,Road Master Bus President Cruise,9:30 AM,2680.0,President Cruise,Rawalpindi (Pirwadhai),Lahore
2024-09-17,Road Master Bus President Cruise,9:30 AM,2680.0,President Cruise,Rawalpindi (26 No. ISB),Lahore
2024-09-17,Road Master Bus Premium Cruise,9:30 AM,1990.0,Premium Cruise,Islamabad (FZB),Lahore
2024-09-17,Road Master Bus Premium Cruise,9:30 AM,1990.0,Premium Cruise,Rawalpindi (26 No. ISB),Lahore
2024-09-17,FM Bilal Travel Luxury,9:30 AM,1700.0,Luxury,Rawalpindi Faizabad,Lahore
2024-09-17,FM Bilal Travel Luxury,9:30 AM,1700.0,Luxury,Rawalpindi Kohistan Exp,Lahore
2024-09-17,FM Bilal Travel Luxury,9:30 AM,1700.0,Luxury,Rawalpindi 26 No,Lahore
2024-09-17,Skyways Executive Class,9:30 AM,2793.4294871794873,Executive Class,Islamabad,Lahore
2024-09-17,QConnect Business Class,9:30 AM,2793.4294871794873,Business Class,Islamabad,Lahore
2024-09-16,Road Master Bus President Cruise,9:30 AM,2680.0,President Cruise,Rawalpindi (Pirwadhai),Lahore
2024-09-16,Road Master Bus President Cruise,9:30 AM,2680.0,President Cruise,Rawalpindi (26 No. ISB),Lahore
2024-09-16,Road Master Bus Premium Cruise,9:30 AM,1990.0,Premium Cruise,Islamabad (FZB),Lahore
2024-09-16,Road Master Bus Premium Cruise,9:30 AM,1990.0,Premium Cruise,Rawalpindi (26 No. ISB),Lahore
2024-09-16,FM Bilal Travel Luxury,9:30 AM,1700.0,Luxury,Rawalpindi Faizabad,Lahore
2024-09-16,FM Bilal Travel Luxury,9:30 AM,1700.0,Luxury,Rawalpindi Kohistan Exp,Lahore
2024-09-16,FM Bilal Travel Luxury,9:30 AM,1700.0,Luxury,Rawalpindi 26 No,Lahore
2024-09-16,Skyways Executive Class,9:30 AM,2793.4294871794873,Executive Class,Islamabad,Lahore
2024-09-16,QConnect Business Class,9:30 AM,2793.4294871794873,Business Class,Islamabad,Lahore
2024-09-12,Road Master Bus President Cruise,9:30 AM,2680.0,President Cruise,Lahore,Rawalpindi (26 No. ISB)
2024-09-12,Road Master Bus President Cruise,9:30 AM,2680.0,President Cruise,Lahore,Rawalpindi (Pirwadhai)
2024-09-12,Road Master Bus Premium Cruise,9:30 AM,1990.0,Premium Cruise,Lahore,Rawalpindi (26 No. ISB)
2024-09-12,Road Master Bus Premium Cruise,9:30 AM,1990.0,Premium Cruise,Lahore,Islamabad (FZB)
2024-09-12,FM Bilal Travel Luxury,9:30 AM,1700.0,Luxury,Lahore,Rawalpindi Faizabad
2024-09-12,FM Bilal Travel Luxury,9:30 AM,1700.0,Luxury,Lahore,Rawalpindi 26 No
2024-09-12,FM Bilal Travel Luxury,9:30 AM,1700.0,Luxury,Lahore,Rawalpindi Kohistan Exp
2024-09-12,Daewoo Express Gold Class,9:30 AM,2793.4294871794873,Gold Class,Lahore Thokar,Rawalpindi
2024-09-12,Daewoo Express Luxury,9:30 AM,2793.4294871794873,Luxury,Lahore Kalma Chowk,Rawalpindi
2024-09-12,Daewoo Express Luxury,9:30 AM,2793.4294871794873,Luxury,Lahore Thokar,Rawalpindi
2024-09-12,Daewoo Express Gold Class,9:30 AM,2793.4294871794873,Gold Class,Lahore Kalma Chowk,Rawalpindi
2024-09-12,Skyways Executive Class,9:30 AM,2793.4294871794873,Executive Class,Lahore,Islamabad
2024-09-12,QConnect Business Class,9:30 AM,2793.4294871794873,Business Class,Lahore,Islamabad
2024-09-12,Wahab Movers Luxury 49,9:30 AM,2793.4294871794873,Luxury 49,Lahore,Rawalpindi
2024-09-12,Niazi Coach Luxury,9:30 AM,2793.4294871794873,Luxury,Lahore,Rawalpindi
2024-09-12,Faisal Express 34 Seater,9:30 AM,2793.4294871794873,34 Seater,Lahore,Rawalpindi
2024-09-13,Road Master Bus President Cruise,9:30 AM,2680.0,President Cruise,Lahore,Rawalpindi (26 No. ISB)
2024-09-13,Road Master Bus President Cruise,9:30 AM,2680.0,President Cruise,Lahore,Rawalpindi (Pirwadhai)
2024-09-13,Road Master Bus Premium Cruise,9:30 AM,1990.0,Premium Cruise,Lahore,Rawalpindi (26 No. ISB)
2024-09-13,Road Master Bus Premium Cruise,9:30 AM,1990.0,Premium Cruise,Lahore,Islamabad (FZB)
2024-09-13,FM Bilal Travel Luxury,9:30 AM,1700.0,Luxury,Lahore,Rawalpindi Faizabad
2024-09-13,FM Bilal Travel Luxury,9:30 AM,1700.0,Luxury,Lahore,Rawalpindi 26 No
2024-09-13,FM Bilal Travel Luxury,9:30 AM,1700.0,Luxury,Lahore,Rawalpindi Kohistan Exp
2024-09-13,Daewoo Express Gold Class,9:30 AM,2793.4294871794873,Gold Class,Lahore Thokar,Rawalpindi
2024-09-13,Daewoo Express Luxury,9:30 AM,2793.4294871794873,Luxury,Lahore Kalma Chowk,Rawalpindi
2024-09-13,Daewoo Express Luxury,9:30 AM,2793.4294871794873,Luxury,Lahore Thokar,Rawalpindi
2024-09-13,Daewoo Express Gold Class,9:30 AM,2793.4294871794873,Gold Class,Lahore Kalma Chowk,Rawalpindi
2024-09-13,Skyways Executive Class,9:30 AM,2793.4294871794873,Executive Class,Lahore,Islamabad
2024-09-13,QConnect Business Class,9:30 AM,2793.4294871794873,Business Class,Lahore,Islamabad
2024-09-13,Wahab Movers Luxury 49,9:30 AM,2793.4294871794873,Luxury 49,Lahore,Rawalpindi
2024-09-13,Niazi Coach Luxury,9:30 AM,2793.4294871794873,Luxury,Lahore,Rawalpindi
2024-09-13,Faisal Express 34 Seater,9:30 AM,2793.4294871794873,34 Seater,Lahore,Rawalpindi
2024-09-14,Road Master Bus President Cruise,9:30 AM,2680.0,President Cruise,Lahore,Rawalpindi (Pirwadhai)
2024-09-14,Road Master Bus President Cruise,9:30 AM,2680.0,President Cruise,Lahore,Rawalpindi (26 No. ISB)
2024-09-14,Road Master Bus Premium Cruise,9:30 AM,1990.0,Premium Cruise,Lahore,Rawalpindi (26 No. ISB)
2024-09-14,Road Master Bus Premium Cruise,9:30 AM,1990.0,Premium Cruise,Lahore,Islamabad (FZB)
2024-09-14,FM Bilal Travel Luxury,9:30 AM,1700.0,Luxury,Lahore,Rawalpindi Faizabad
2024-09-14,FM Bilal Travel Luxury,9:30 AM,1700.0,Luxury,Lahore,Rawalpindi 26 No
2024-09-14,FM Bilal Travel Luxury,9:30 AM,1700.0,Luxury,Lahore,Rawalpindi Kohistan Exp
2024-09-14,Daewoo Express Gold Class,9:30 AM,2793.4294871794873,Gold Class,Lahore Thokar,Rawalpindi
2024-09-14,Daewoo Express Luxury,9:30 AM,2793.4294871794873,Luxury,Lahore Kalma Chowk,Rawalpindi
2024-09-14,Daewoo Express Luxury,9:30 AM,2793.4294871794873,Luxury,Lahore Thokar,Rawalpindi
2024-09-14,Daewoo Express Gold Class,9:30 AM,2793.4294871794873,Gold Class,Lahore Kalma Chowk,Rawalpindi
2024-09-14,Skyways Executive Class,9:30 AM,2793.4294871794873,Executive Class,Lahore,Islamabad
2024-09-14,QConnect Business Class,9:30 AM,2793.4294871794873,Business Class,Lahore,Islamabad
2024-09-14,Wahab Movers Luxury 49,9:30 AM,2793.4294871794873,Luxury 49,Lahore,Rawalpindi
2024-09-14,Niazi Coach Luxury,9:30 AM,2793.4294871794873,Luxury,Lahore,Rawalpindi
2024-09-14,Faisal Express 34 Seater,9:30 AM,2793.4294871794873,34 Seater,Lahore,Rawalpindi
2024-09-15,Road Master Bus President Cruise,9:30 AM,2680.0,President Cruise,Lahore,Rawalpindi (Pirwadhai)
2024-09-15,Road Master Bus President Cruise,9:30 AM,2680.0,President Cruise,Lahore,Rawalpindi (26 No. ISB)
2024-09-15,Road Master Bus Premium Cruise,9:30 AM,1990.0,Premium Cruise,Lahore,Rawalpindi (26 No. ISB)
2024-09-15,Road Master Bus Premium Cruise,9:30 AM,1990.0,Premium Cruise,Lahore,Islamabad (FZB)
2024-09-15,FM Bilal Travel Luxury,9:30 AM,1700.0,Luxury,Lahore,Rawalpindi Faizabad
2024-09-15,FM Bilal Travel Luxury,9:30 AM,1700.0,Luxury,Lahore,Rawalpindi 26 No
2024-09-15,FM Bilal Travel Luxury,9:30 AM,1700.0,Luxury,Lahore,Rawalpindi Kohistan Exp
2024-09-15,Daewoo Express Gold Class,9:30 AM,2793.4294871794873,Gold Class,Lahore Thokar,Rawalpindi
2024-09-15,Daewoo Express Luxury,9:30 AM,2793.4294871794873,Luxury,Lahore Kalma Chowk,Rawalpindi
2024-09-15,Daewoo Express Luxury,9:30 AM,2793.4294871794873,Luxury,Lahore Thokar,Rawalpindi
2024-09-15,Daewoo Express Gold Class,9:30 AM,2793.4294871794873,Gold Class,Lahore Kalma Chowk,Rawalpindi
2024-09-15,Skyways Executive Class,9:30 AM,2793.4294871794873,Executive Class,Lahore,Islamabad
2024-09-15,QConnect Business Class,9:30 AM,2793.4294871794873,Business Class,Lahore,Islamabad
2024-09-15,Wahab Movers Luxury 49,9:30 AM,2793.4294871794873,Luxury 49,Lahore,Rawalpindi
2024-09-15,Niazi Coach Luxury,9:30 AM,2793.4294871794873,Luxury,Lahore,Rawalpindi
2024-09-15,Faisal Express 34 Seater,9:30 AM,2793.4294871794873,34 Seater,Lahore,Rawalpindi
2024-09-16,Road Master Bus President Cruise,9:30 AM,2680.0,President Cruise,Lahore,Rawalpindi (Pirwadhai)
2024-09-16,Road Master Bus President Cruise,9:30 AM,2680.0,President Cruise,Lahore,Rawalpindi (26 No. ISB)
2024-09-16,Road Master Bus Premium Cruise,9:30 AM,1990.0,Premium Cruise,Lahore,Rawalpindi (26 No. ISB)
2024-09-16,Road Master Bus Premium Cruise,9:30 AM,1990.0,Premium Cruise,Lahore,Islamabad (FZB)
2024-09-16,FM Bilal Travel Luxury,9:30 AM,1700.0,Luxury,Lahore,Rawalpindi Faizabad
2024-09-16,FM Bilal Travel Luxury,9:30 AM,1700.0,Luxury,Lahore,Rawalpindi 26 No
2024-09-16,FM Bilal Travel Luxury,9:30 AM,1700.0,Luxury,Lahore,Rawalpindi Kohistan Exp
2024-09-16,Skyways Executive Class,9:30 AM,2793.4294871794873,Executive Class,Lahore,Islamabad
2024-09-16,QConnect Business Class,9:30 AM,2793.4294871794873,Business Class,Lahore,Islamabad
2024-09-16,Wahab Movers Luxury 49,9:30 AM,2793.4294871794873,Luxury 49,Lahore,Rawalpindi
2024-09-16,Niazi Coach Luxury,9:30 AM,2793.4294871794873,Luxury,Lahore,Rawalpindi
2024-09-16,Faisal Express 34 Seater,9:30 AM,2793.4294871794873,34 Seater,Lahore,Rawalpindi
2024-09-18,FM Bilal Travel Luxury,9:30 AM,1700.0,Luxury,Lahore,Rawalpindi Faizabad
2024-09-18,FM Bilal Travel Luxury,9:30 AM,1700.0,Luxury,Lahore,Rawalpindi 26 No
2024-09-18,FM Bilal Travel Luxury,9:30 AM,1700.0,Luxury,Lahore,Rawalpindi Kohistan Exp
2024-09-18,Skyways Executive Class,9:30 AM,2793.4294871794873,Executive Class,Lahore,Islamabad
2024-09-18,QConnect Business Class,9:30 AM,2793.4294871794873,Business Class,Lahore,Islamabad
2024-09-18,Wahab Movers Luxury 49,9:30 AM,2793.4294871794873,Luxury 49,Lahore,Rawalpindi
2024-09-18,Niazi Coach Luxury,9:30 AM,2793.4294871794873,Luxury,Lahore,Rawalpindi
2024-09-18,Faisal Express 34 Seater,9:30 AM,2793.4294871794873,34 Seater,Lahore,Rawalpindi
2024-09-17,Road Master Bus President Cruise,9:30 AM,2680.0,President Cruise,Lahore,Rawalpindi (Pirwadhai)
2024-09-17,Road Master Bus President Cruise,9:30 AM,2680.0,President Cruise,Lahore,Rawalpindi (26 No. ISB)
2024-09-17,Road Master Bus Premium Cruise,9:30 AM,1990.0,Premium Cruise,Lahore,Rawalpindi (26 No. ISB)
2024-09-17,Road Master Bus Premium Cruise,9:30 AM,1990.0,Premium Cruise,Lahore,Islamabad (FZB)
2024-09-17,FM Bilal Travel Luxury,9:30 AM,1700.0,Luxury,Lahore,Rawalpindi 26 No
2024-09-17,FM Bilal Travel Luxury,9:30 AM,1700.0,Luxury,Lahore,Rawalpindi Faizabad
2024-09-17,FM Bilal Travel Luxury,9:30 AM,1700.0,Luxury,Lahore,Rawalpindi Kohistan Exp
2024-09-17,Skyways Executive Class,9:30 AM,2793.4294871794873,Executive Class,Lahore,Islamabad
2024-09-17,QConnect Business Class,9:30 AM,2793.4294871794873,Business Class,Lahore,Islamabad
2024-09-17,Wahab Movers Luxury 49,9:30 AM,2793.4294871794873,Luxury 49,Lahore,Rawalpindi
2024-09-17,Niazi Coach Luxury,9:30 AM,2793.4294871794873,Luxury,Lahore,Rawalpindi
2024-09-17,Faisal Express 34 Seater,9:30 AM,2793.4294871794873,34 Seater,Lahore,Rawalpindi
2024-09-19,FM Bilal Travel Luxury,9:30 AM,1700.0,Luxury,Lahore,Rawalpindi Faizabad
2024-09-19,FM Bilal Travel Luxury,9:30 AM,1700.0,Luxury,Lahore,Rawalpindi 26 No
2024-09-19,FM Bilal Travel Luxury,9:30 AM,1700.0,Luxury,Lahore,Rawalpindi Kohistan Exp
2024-09-19,Skyways Executive Class,9:30 AM,2793.4294871794873,Executive Class,Lahore,Islamabad
2024-09-19,QConnect Business Class,9:30 AM,2793.4294871794873,Business Class,Lahore,Islamabad
2024-09-19,Wahab Movers Luxury 49,9:30 AM,2793.4294871794873,Luxury 49,Lahore,Rawalpindi
2024-09-19,Niazi Coach Luxury,9:30 AM,2793.4294871794873,Luxury,Lahore,Rawalpindi
2024-09-19,Faisal Express 34 Seater,9:30 AM,2793.4294871794873,34 Seater,Lahore,Rawalpindi
2024-09-12,Daewoo Express Luxury,9:30 AM,2793.4294871794873,Luxury,KARACHI BANARAS,RAWALPINDI (MAIN)
2024-09-12,Daewoo Express Luxury,9:30 AM,2793.4294871794873,Luxury,KARACHI AL-ASIF,Rawalpindi
2024-09-12,Daewoo Express Luxury,9:30 AM,2793.4294871794873,Luxury,Karachi,Rawalpindi
2024-09-12,Daewoo Express Luxury,9:30 AM,2793.4294871794873,Luxury,KARACHI BAHRIA TOWN,Rawalpindi
2024-09-12,Daewoo Express Sleeper,9:30 AM,2793.4294871794873,Sleeper,Karachi,Rawalpindi
2024-09-12,Daewoo Express Gold Class,9:30 AM,2793.4294871794873,Gold Class,Karachi,Rawalpindi
2024-09-12,Daewoo Express Gold Class,9:30 AM,2793.4294871794873,Gold Class,KARACHI BAHRIA TOWN,Rawalpindi
2024-09-12,Kainat Travels Executive Class,9:30 AM,6200.0,Executive Class,Karachi,Rawalpindi
2024-09-12,Kainat Travels Business Plus,9:30 AM,6200.0,Business Plus,Karachi,Rawalpindi
2024-09-12,Kainat Travels Sleeper Class,9:30 AM,9500.0,Sleeper Class,Karachi,Rawalpindi
2024-09-12,Adil Express Luxury 49,9:30 AM,6750.0,Luxury 49,Karachi,Rawalpindi
2024-09-12,Warraich Express Executive,9:30 AM,2793.4294871794873,Executive,Karachi,Rawalpindi
2024-09-12,Warraich Express Executive Plus,9:30 AM,2793.4294871794873,Executive Plus,Karachi,Rawalpindi
2024-09-12,MG Transport 42 Seater,9:30 AM,6500.0,42 Seater,Karachi,Rawalpindi
2024-09-13,Daewoo Express Luxury,9:30 AM,2793.4294871794873,Luxury,KARACHI BANARAS,RAWALPINDI (MAIN)
2024-09-13,Daewoo Express Luxury,9:30 AM,2793.4294871794873,Luxury,KARACHI AL-ASIF,Rawalpindi
2024-09-13,Daewoo Express Luxury,9:30 AM,2793.4294871794873,Luxury,Karachi,Rawalpindi
2024-09-13,Daewoo Express Luxury,9:30 AM,2793.4294871794873,Luxury,KARACHI BAHRIA TOWN,Rawalpindi
2024-09-13,Daewoo Express Sleeper,9:30 AM,2793.4294871794873,Sleeper,Karachi,Rawalpindi
2024-09-13,Daewoo Express Gold Class,9:30 AM,2793.4294871794873,Gold Class,Karachi,Rawalpindi
2024-09-13,Daewoo Express Gold Class,9:30 AM,2793.4294871794873,Gold Class,KARACHI BAHRIA TOWN,Rawalpindi
2024-09-13,Kainat Travels Executive Class,9:30 AM,6200.0,Executive Class,Karachi,Rawalpindi
2024-09-13,Kainat Travels Business Plus,9:30 AM,6200.0,Business Plus,Karachi,Rawalpindi
2024-09-13,Kainat Travels Sleeper Class,9:30 AM,9500.0,Sleeper Class,Karachi,Rawalpindi
2024-09-13,Adil Express Luxury 49,9:30 AM,6750.0,Luxury 49,Karachi,Rawalpindi
2024-09-13,Warraich Express Executive,9:30 AM,2793.4294871794873,Executive,Karachi,Rawalpindi
2024-09-13,Warraich Express Executive Plus,9:30 AM,2793.4294871794873,Executive Plus,Karachi,Rawalpindi
2024-09-13,MG Transport 42 Seater,9:30 AM,6500.0,42 Seater,Karachi,Rawalpindi
2024-09-14,Daewoo Express Luxury,9:30 AM,2793.4294871794873,Luxury,Karachi,Rawalpindi
2024-09-14,Daewoo Express Luxury,9:30 AM,2793.4294871794873,Luxury,KARACHI BAHRIA TOWN,Rawalpindi
2024-09-14,Daewoo Express Sleeper,9:30 AM,2793.4294871794873,Sleeper,Karachi,Rawalpindi
2024-09-14,Daewoo Express Gold Class,9:30 AM,2793.4294871794873,Gold Class,Karachi,Rawalpindi
2024-09-14,Daewoo Express Gold Class,9:30 AM,2793.4294871794873,Gold Class,KARACHI BAHRIA TOWN,Rawalpindi
2024-09-14,Kainat Travels Executive Class,9:30 AM,6200.0,Executive Class,Karachi,Rawalpindi
2024-09-14,Kainat Travels Business Plus,9:30 AM,6200.0,Business Plus,Karachi,Rawalpindi
2024-09-14,Kainat Travels Sleeper Class,9:30 AM,9500.0,Sleeper Class,Karachi,Rawalpindi
2024-09-14,Adil Express Luxury 49,9:30 AM,6750.0,Luxury 49,Karachi,Rawalpindi
2024-09-14,Warraich Express Executive,9:30 AM,2793.4294871794873,Executive,Karachi,Rawalpindi
2024-09-14,Warraich Express Executive Plus,9:30 AM,2793.4294871794873,Executive Plus,Karachi,Rawalpindi
2024-09-15,Daewoo Express Luxury,9:30 AM,2793.4294871794873,Luxury,Karachi,Rawalpindi
2024-09-15,Daewoo Express Luxury,9:30 AM,2793.4294871794873,Luxury,KARACHI BAHRIA TOWN,Rawalpindi
2024-09-15,Daewoo Express Sleeper,9:30 AM,2793.4294871794873,Sleeper,Karachi,Rawalpindi
2024-09-15,Daewoo Express Gold Class,9:30 AM,2793.4294871794873,Gold Class,Karachi,Rawalpindi
2024-09-15,Daewoo Express Gold Class,9:30 AM,2793.4294871794873,Gold Class,KARACHI BAHRIA TOWN,Rawalpindi
2024-09-15,Kainat Travels Executive Class,9:30 AM,6200.0,Executive Class,Karachi,Rawalpindi
2024-09-15,Kainat Travels Business Plus,9:30 AM,6200.0,Business Plus,Karachi,Rawalpindi
2024-09-15,Kainat Travels Sleeper Class,9:30 AM,9500.0,Sleeper Class,Karachi,Rawalpindi
2024-09-15,Adil Express Luxury 49,9:30 AM,6750.0,Luxury 49,Karachi,Rawalpindi
2024-09-15,Warraich Express Executive,9:30 AM,2793.4294871794873,Executive,Karachi,Rawalpindi
2024-09-15,Warraich Express Executive Plus,9:30 AM,2793.4294871794873,Executive Plus,Karachi,Rawalpindi
2024-09-17,Kainat Travels Executive Class,9:30 AM,6200.0,Executive Class,Karachi,Rawalpindi
2024-09-17,Kainat Travels Business Plus,9:30 AM,6200.0,Business Plus,Karachi,Rawalpindi
2024-09-17,Kainat Travels Sleeper Class,9:30 AM,9500.0,Sleeper Class,Karachi,Rawalpindi
2024-09-17,Adil Express Luxury 49,9:30 AM,6750.0,Luxury 49,Karachi,Rawalpindi
2024-09-17,Warraich Express Executive,9:30 AM,2793.4294871794873,Executive,Karachi,Rawalpindi
2024-09-17,Warraich Express Executive Plus,9:30 AM,2793.4294871794873,Executive Plus,Karachi,Rawalpindi
2024-09-18,Kainat Travels Executive Class,9:30 AM,6200.0,Executive Class,Karachi,Rawalpindi
2024-09-18,Kainat Travels Business Plus,9:30 AM,6200.0,Business Plus,Karachi,Rawalpindi
2024-09-18,Kainat Travels Sleeper Class,9:30 AM,9500.0,Sleeper Class,Karachi,Rawalpindi
2024-09-18,Adil Express Luxury 49,9:30 AM,6750.0,Luxury 49,Karachi,Rawalpindi
2024-09-18,Warraich Express Executive,9:30 AM,2793.4294871794873,Executive,Karachi,Rawalpindi
2024-09-18,Warraich Express Executive Plus,9:30 AM,2793.4294871794873,Executive Plus,Karachi,Rawalpindi
2024-09-19,Kainat Travels Executive Class,9:30 AM,6200.0,Executive Class,Karachi,Rawalpindi
2024-09-19,Kainat Travels Business Plus,9:30 AM,6200.0,Business Plus,Karachi,Rawalpindi
2024-09-19,Kainat Travels Sleeper Class,9:30 AM,9500.0,Sleeper Class,Karachi,Rawalpindi
2024-09-19,Adil Express Luxury 49,9:30 AM,6750.0,Luxury 49,Karachi,Rawalpindi
2024-09-19,Warraich Express Executive,9:30 AM,2793.4294871794873,Executive,Karachi,Rawalpindi
2024-09-19,Warraich Express Executive Plus,9:30 AM,2793.4294871794873,Executive Plus,Karachi,Rawalpindi
2024-09-16,Kainat Travels Executive Class,9:30 AM,6200.0,Executive Class,Karachi,Rawalpindi
2024-09-16,Kainat Travels Business Plus,9:30 AM,6200.0,Business Plus,Karachi,Rawalpindi
2024-09-16,Kainat Travels Sleeper Class,9:30 AM,9500.0,Sleeper Class,Karachi,Rawalpindi
2024-09-16,Adil Express Luxury 49,9:30 AM,6750.0,Luxury 49,Karachi,Rawalpindi
2024-09-16,Warraich Express Executive,9:30 AM,2793.4294871794873,Executive,Karachi,Rawalpindi
2024-09-16,Warraich Express Executive Plus,9:30 AM,2793.4294871794873,Executive Plus,Karachi,Rawalpindi
2024-09-12,Daewoo Express Luxury,9:30 AM,2793.4294871794873,Luxury,Rawalpindi,Karachi
2024-09-12,Daewoo Express Luxury,9:30 AM,2793.4294871794873,Luxury,"Rawalpindi (Faizabad, Isb)",Karachi
2024-09-12,Daewoo Express Sleeper,9:30 AM,2793.4294871794873,Sleeper,Rawalpindi,Karachi
2024-09-12,Daewoo Express Sleeper,9:30 AM,2793.4294871794873,Sleeper,"Rawalpindi (Faizabad, Isb)",Karachi
2024-09-12,Daewoo Express Gold Class,9:30 AM,2793.4294871794873,Gold Class,"Rawalpindi (Faizabad, Isb)",Karachi
2024-09-12,Daewoo Express Gold Class,9:30 AM,2793.4294871794873,Gold Class,Rawalpindi,Karachi
2024-09-12,Kainat Travels Executive Class,9:30 AM,6200.0,Executive Class,Rawalpindi,Karachi
2024-09-12,Kainat Travels Business Plus,9:30 AM,6200.0,Business Plus,Rawalpindi,Karachi
2024-09-12,Kainat Travels Sleeper Class,9:30 AM,9500.0,Sleeper Class,Rawalpindi,Karachi
2024-09-12,Adil Express Luxury 49,9:30 AM,6750.0,Luxury 49,Rawalpindi,Karachi
2024-09-12,MG Transport 42 Seater,9:30 AM,2793.4294871794873,42 Seater,Rawalpindi,Karachi
2024-09-13,Daewoo Express Luxury,9:30 AM,2793.4294871794873,Luxury,Rawalpindi,Karachi
2024-09-13,Daewoo Express Luxury,9:30 AM,2793.4294871794873,Luxury,"Rawalpindi (Faizabad, Isb)",Karachi
2024-09-13,Daewoo Express Sleeper,9:30 AM,2793.4294871794873,Sleeper,"Rawalpindi (Faizabad, Isb)",Karachi
2024-09-13,Daewoo Express Sleeper,9:30 AM,2793.4294871794873,Sleeper,Rawalpindi,Karachi
2024-09-13,Daewoo Express Gold Class,9:30 AM,2793.4294871794873,Gold Class,"Rawalpindi (Faizabad, Isb)",Karachi
2024-09-13,Daewoo Express Gold Class,9:30 AM,2793.4294871794873,Gold Class,Rawalpindi,Karachi
2024-09-13,Kainat Travels Executive Class,9:30 AM,6200.0,Executive Class,Rawalpindi,Karachi
2024-09-13,Kainat Travels Business Plus,9:30 AM,6200.0,Business Plus,Rawalpindi,Karachi
2024-09-13,Kainat Travels Sleeper Class,9:30 AM,9500.0,Sleeper Class,Rawalpindi,Karachi
2024-09-13,Adil Express Luxury 49,9:30 AM,6750.0,Luxury 49,Rawalpindi,Karachi
2024-09-13,MG Transport 42 Seater,9:30 AM,2793.4294871794873,42 Seater,Rawalpindi,Karachi
2024-09-14,Daewoo Express Luxury,9:30 AM,2793.4294871794873,Luxury,Rawalpindi,Karachi
2024-09-14,Daewoo Express Luxury,9:30 AM,2793.4294871794873,Luxury,"Rawalpindi (Faizabad, Isb)",Karachi
2024-09-14,Daewoo Express Sleeper,9:30 AM,2793.4294871794873,Sleeper,"Rawalpindi (Faizabad, Isb)",Karachi
2024-09-14,Daewoo Express Sleeper,9:30 AM,2793.4294871794873,Sleeper,Rawalpindi,Karachi
2024-09-14,Daewoo Express Gold Class,9:30 AM,2793.4294871794873,Gold Class,"Rawalpindi (Faizabad, Isb)",Karachi
2024-09-14,Daewoo Express Gold Class,9:30 AM,2793.4294871794873,Gold Class,Rawalpindi,Karachi
2024-09-14,Kainat Travels Executive Class,9:30 AM,6200.0,Executive Class,Rawalpindi,Karachi
2024-09-14,Kainat Travels Business Plus,9:30 AM,6200.0,Business Plus,Rawalpindi,Karachi
2024-09-14,Kainat Travels Sleeper Class,9:30 AM,9500.0,Sleeper Class,Rawalpindi,Karachi
2024-09-14,Adil Express Luxury 49,9:30 AM,6750.0,Luxury 49,Rawalpindi,Karachi
2024-09-15,Daewoo Express Luxury,9:30 AM,2793.4294871794873,Luxury,Rawalpindi,Karachi
2024-09-15,Daewoo Express Luxury,9:30 AM,2793.4294871794873,Luxury,"Rawalpindi (Faizabad, Isb)",Karachi
2024-09-15,Daewoo Express Sleeper,9:30 AM,2793.4294871794873,Sleeper,"Rawalpindi (Faizabad, Isb)",Karachi
2024-09-15,Daewoo Express Sleeper,9:30 AM,2793.4294871794873,Sleeper,Rawalpindi,Karachi
2024-09-15,Daewoo Express Gold Class,9:30 AM,2793.4294871794873,Gold Class,"Rawalpindi (Faizabad, Isb)",Karachi
2024-09-15,Daewoo Express Gold Class,9:30 AM,2793.4294871794873,Gold Class,Rawalpindi,Karachi
2024-09-15,Kainat Travels Executive Class,9:30 AM,6200.0,Executive Class,Rawalpindi,Karachi
2024-09-15,Kainat Travels Business Plus,9:30 AM,6200.0,Business Plus,Rawalpindi,Karachi
2024-09-15,Kainat Travels Sleeper Class,9:30 AM,9500.0,Sleeper Class,Rawalpindi,Karachi
2024-09-15,Adil Express Luxury 49,9:30 AM,6750.0,Luxury 49,Rawalpindi,Karachi
2024-09-16,Kainat Travels Executive Class,9:30 AM,6200.0,Executive Class,Rawalpindi,Karachi
2024-09-16,Kainat Travels Business Plus,9:30 AM,6200.0,Business Plus,Rawalpindi,Karachi
2024-09-16,Kainat Travels Sleeper Class,9:30 AM,9500.0,Sleeper Class,Rawalpindi,Karachi
2024-09-16,Adil Express Luxury 49,9:30 AM,6750.0,Luxury 49,Rawalpindi,Karachi
2024-09-17,Kainat Travels Executive Class,9:30 AM,6200.0,Executive Class,Rawalpindi,Karachi
2024-09-17,Kainat Travels Business Plus,9:30 AM,6200.0,Business Plus,Rawalpindi,Karachi
2024-09-17,Kainat Travels Sleeper Class,9:30 AM,9500.0,Sleeper Class,Rawalpindi,Karachi
2024-09-17,Adil Express Luxury 49,9:30 AM,6750.0,Luxury 49,Rawalpindi,Karachi
2024-09-18,Kainat Travels Executive Class,9:30 AM,6200.0,Executive Class,Rawalpindi,Karachi
2024-09-18,Kainat Travels Business Plus,9:30 AM,6200.0,Business Plus,Rawalpindi,Karachi
2024-09-18,Kainat Travels Sleeper Class,9:30 AM,9500.0,Sleeper Class,Rawalpindi,Karachi
2024-09-18,Adil Express Luxury 49,9:30 AM,6750.0,Luxury 49,Rawalpindi,Karachi
2024-09-19,Kainat Travels Executive Class,9:30 AM,6200.0,Executive Class,Rawalpindi,Karachi
2024-09-19,Kainat Travels Business Plus,9:30 AM,6200.0,Business Plus,Rawalpindi,Karachi
2024-09-19,Kainat Travels Sleeper Class,9:30 AM,9500.0,Sleeper Class,Rawalpindi,Karachi
2024-09-19,Adil Express Luxury 49,9:30 AM,6750.0,Luxury 49,Rawalpindi,Karachi
2024-09-12,Natco Daewoo Natco,9:30 AM,2793.4294871794873,Daewoo Natco,Gilgit,Rawalpindi
2024-09-12,Natco Youtong Natco,9:30 AM,2793.4294871794873,Youtong Natco,Gilgit,Rawalpindi
2024-09-13,Natco Hino Natco,9:30 AM,2793.4294871794873,Hino Natco,Rawalpindi,Gilgit
2024-09-13,Natco Youtong Natco,9:30 AM,2793.4294871794873,Youtong Natco,Rawalpindi,Gilgit
2024-09-13,Natco Daewoo Natco,9:30 AM,2793.4294871794873,Daewoo Natco,Rawalpindi,Gilgit
2024-09-13,Mashabrum Tours MT 40 Seater,9:30 AM,2793.4294871794873,MT 40 Seater,Rawalpindi,Gilgit
2024-09-12,Natco Hino Natco,9:30 AM,2793.4294871794873,Hino Natco,Rawalpindi,Gilgit
2024-09-12,Natco Youtong Natco,9:30 AM,2793.4294871794873,Youtong Natco,Rawalpindi,Gilgit
2024-09-12,Natco Daewoo Natco,9:30 AM,2793.4294871794873,Daewoo Natco,Rawalpindi,Gilgit
2024-09-12,Mashabrum Tours MT 40 Seater,9:30 AM,2793.4294871794873,MT 40 Seater,Rawalpindi,Gilgit
2024-09-14,Natco Hino Natco,9:30 AM,2793.4294871794873,Hino Natco,Rawalpindi,Gilgit
2024-09-14,Natco Youtong Natco,9:30 AM,2793.4294871794873,Youtong Natco,Rawalpindi,Gilgit
2024-09-14,Natco Daewoo Natco,9:30 AM,2793.4294871794873,Daewoo Natco,Rawalpindi,Gilgit
2024-09-14,Mashabrum Tours MT 40 Seater,9:30 AM,2793.4294871794873,MT 40 Seater,Rawalpindi,Gilgit
2024-09-15,Natco Hino Natco,9:30 AM,2793.4294871794873,Hino Natco,Rawalpindi,Gilgit
2024-09-15,Natco Youtong Natco,9:30 AM,2793.4294871794873,Youtong Natco,Rawalpindi,Gilgit
2024-09-15,Natco Daewoo Natco,9:30 AM,2793.4294871794873,Daewoo Natco,Rawalpindi,Gilgit
2024-09-15,Mashabrum Tours MT 40 Seater,9:30 AM,2793.4294871794873,MT 40 Seater,Rawalpindi,Gilgit
2024-09-16,Natco Hino Natco,9:30 AM,2793.4294871794873,Hino Natco,Rawalpindi,Gilgit
2024-09-16,Natco Youtong Natco,9:30 AM,2793.4294871794873,Youtong Natco,Rawalpindi,Gilgit
2024-09-16,Natco Daewoo Natco,9:30 AM,2793.4294871794873,Daewoo Natco,Rawalpindi,Gilgit
2024-09-16,Mashabrum Tours MT 40 Seater,9:30 AM,2793.4294871794873,MT 40 Seater,Rawalpindi,Gilgit
2024-09-17,Natco Hino Natco,9:30 AM,2793.4294871794873,Hino Natco,Rawalpindi,Gilgit
2024-09-17,Natco Youtong Natco,9:30 AM,2793.4294871794873,Youtong Natco,Rawalpindi,Gilgit
2024-09-17,Natco Daewoo Natco,9:30 AM,2793.4294871794873,Daewoo Natco,Rawalpindi,Gilgit
2024-09-17,Mashabrum Tours MT 40 Seater,9:30 AM,2793.4294871794873,MT 40 Seater,Rawalpindi,Gilgit
2024-09-18,Natco Hino Natco,9:30 AM,2793.4294871794873,Hino Natco,Rawalpindi,Gilgit
2024-09-18,Natco Youtong Natco,9:30 AM,2793.4294871794873,Youtong Natco,Rawalpindi,Gilgit
2024-09-18,Natco Daewoo Natco,9:30 AM,2793.4294871794873,Daewoo Natco,Rawalpindi,Gilgit
2024-09-18,Mashabrum Tours MT 40 Seater,9:30 AM,2793.4294871794873,MT 40 Seater,Rawalpindi,Gilgit
2024-09-19,Natco Hino Natco,9:30 AM,2793.4294871794873,Hino Natco,Rawalpindi,Gilgit
2024-09-19,Natco Youtong Natco,9:30 AM,2793.4294871794873,Youtong Natco,Rawalpindi,Gilgit
2024-09-19,Natco Daewoo Natco,9:30 AM,2793.4294871794873,Daewoo Natco,Rawalpindi,Gilgit
2024-09-19,Mashabrum Tours MT 40 Seater,9:30 AM,2793.4294871794873,MT 40 Seater,Rawalpindi,Gilgit
2024-09-13,Natco Daewoo Natco,9:30 AM,2793.4294871794873,Daewoo Natco,Gilgit,Rawalpindi
2024-09-13,Natco Youtong Natco,9:30 AM,2793.4294871794873,Youtong Natco,Gilgit,Rawalpindi
2024-09-14,Natco Daewoo Natco,9:30 AM,2793.4294871794873,Daewoo Natco,Gilgit,Rawalpindi
2024-09-14,Natco Youtong Natco,9:30 AM,2793.4294871794873,Youtong Natco,Gilgit,Rawalpindi
2024-09-15,Natco Daewoo Natco,9:30 AM,2793.4294871794873,Daewoo Natco,Gilgit,Rawalpindi
2024-09-15,Natco Youtong Natco,9:30 AM,2793.4294871794873,Youtong Natco,Gilgit,Rawalpindi
2024-09-16,Natco Daewoo Natco,9:30 AM,2793.4294871794873,Daewoo Natco,Gilgit,Rawalpindi
2024-09-16,Natco Youtong Natco,9:30 AM,2793.4294871794873,Youtong Natco,Gilgit,Rawalpindi
2024-09-17,Natco Daewoo Natco,9:30 AM,2793.4294871794873,Daewoo Natco,Gilgit,Rawalpindi
2024-09-17,Natco Youtong Natco,9:30 AM,2793.4294871794873,Youtong Natco,Gilgit,Rawalpindi
2024-09-18,Natco Daewoo Natco,9:30 AM,2793.4294871794873,Daewoo Natco,Gilgit,Rawalpindi
2024-09-18,Natco Youtong Natco,9:30 AM,2793.4294871794873,Youtong Natco,Gilgit,Rawalpindi
2024-09-19,Natco Daewoo Natco,9:30 AM,2793.4294871794873,Daewoo Natco,Gilgit,Rawalpindi
2024-09-19,Natco Youtong Natco,9:30 AM,2793.4294871794873,Youtong Natco,Gilgit,Rawalpindi
2024-09-12,Natco Daewoo Natco,9:30 AM,2793.4294871794873,Daewoo Natco,Gilgit,Rawalpindi
2024-09-12,Natco Youtong Natco,9:30 AM,2793.4294871794873,Youtong Natco,Gilgit,Rawalpindi
2024-09-12,Natco Youtong Natco,9:30 AM,2793.4294871794873,Youtong Natco,Hunza,Rawalpindi
2024-09-13,Natco Hino Natco,9:30 AM,2793.4294871794873,Hino Natco,Hunza,Rawalpindi
2024-09-14,Natco Youtong Natco,9:30 AM,2793.4294871794873,Youtong Natco,Hunza,Rawalpindi
2024-09-15,Natco Hino Natco,9:30 AM,2793.4294871794873,Hino Natco,Hunza,Rawalpindi
2024-09-16,Natco Youtong Natco,9:30 AM,2793.4294871794873,Youtong Natco,Hunza,Rawalpindi
2024-09-17,Natco Hino Natco,9:30 AM,2793.4294871794873,Hino Natco,Hunza,Rawalpindi
2024-09-18,Natco Youtong Natco,9:30 AM,2793.4294871794873,Youtong Natco,Hunza,Rawalpindi
2024-09-19,Natco Hino Natco,9:30 AM,2793.4294871794873,Hino Natco,Hunza,Rawalpindi
2024-09-12,Natco Youtong Natco,9:30 AM,2793.4294871794873,Youtong Natco,Rawalpindi,Hunza
2024-09-13,Natco Hino Natco,9:30 AM,2793.4294871794873,Hino Natco,Rawalpindi,Hunza
2024-09-14,Natco Youtong Natco,9:30 AM,2793.4294871794873,Youtong Natco,Rawalpindi,Hunza
2024-09-15,Natco Hino Natco,9:30 AM,2793.4294871794873,Hino Natco,Rawalpindi,Hunza
2024-09-17,Natco Hino Natco,9:30 AM,2793.4294871794873,Hino Natco,Rawalpindi,Hunza
2024-09-17,Natco Youtong Natco,9:30 AM,2793.4294871794873,Youtong Natco,Rawalpindi,Hunza
2024-09-18,Natco Hino Natco,9:30 AM,2793.4294871794873,Hino Natco,Rawalpindi,Hunza
2024-09-18,Natco Youtong Natco,9:30 AM,2793.4294871794873,Youtong Natco,Rawalpindi,Hunza
2024-09-19,Natco Hino Natco,9:30 AM,2793.4294871794873,Hino Natco,Rawalpindi,Hunza
2024-09-19,Natco Youtong Natco,9:30 AM,2793.4294871794873,Youtong Natco,Rawalpindi,Hunza
2024-09-16,Natco Youtong Natco,9:30 AM,2793.4294871794873,Youtong Natco,Rawalpindi,Hunza
2024-09-12,Daewoo Express Luxury,9:30 AM,2793.4294871794873,Luxury,Lahore Thokar,Karachi
2024-09-12,Daewoo Express Sleeper,9:30 AM,2793.4294871794873,Sleeper,Lahore Thokar,Karachi
2024-09-14,Daewoo Express Luxury,9:30 AM,2793.4294871794873,Luxury,Lahore Thokar,Karachi
2024-09-14,Daewoo Express Sleeper,9:30 AM,2793.4294871794873,Sleeper,Lahore Thokar,Karachi
2024-09-15,Daewoo Express Luxury,9:30 AM,2793.4294871794873,Luxury,Lahore Thokar,Karachi
2024-09-15,Daewoo Express Sleeper,9:30 AM,2793.4294871794873,Sleeper,Lahore Thokar,Karachi
2024-09-12,Daewoo Express Luxury,9:30 AM,2793.4294871794873,Luxury,KARACHI BANARAS,LAHORE THOKAR
2024-09-12,Daewoo Express Luxury,9:30 AM,2793.4294871794873,Luxury,KARACHI AL-ASIF,LAHORE THOKAR
2024-09-12,Daewoo Express Luxury,9:30 AM,2793.4294871794873,Luxury,Karachi,Lahore Thokar
2024-09-12,Daewoo Express Luxury,9:30 AM,2793.4294871794873,Luxury,KARACHI BAHRIA TOWN,LAHORE THOKAR
2024-09-12,Daewoo Express Sleeper,9:30 AM,2793.4294871794873,Sleeper,Karachi,Lahore Thokar
2024-09-12,Manthar Coach Luxury,9:30 AM,2793.4294871794873,Luxury,Karachi,Lahore
2024-09-13,Daewoo Express Luxury,9:30 AM,2793.4294871794873,Luxury,KARACHI BANARAS,LAHORE THOKAR
2024-09-13,Daewoo Express Luxury,9:30 AM,2793.4294871794873,Luxury,KARACHI AL-ASIF,LAHORE THOKAR
2024-09-13,Daewoo Express Luxury,9:30 AM,2793.4294871794873,Luxury,Karachi,Lahore Thokar
2024-09-13,Daewoo Express Luxury,9:30 AM,2793.4294871794873,Luxury,KARACHI BAHRIA TOWN,LAHORE THOKAR
2024-09-13,Daewoo Express Sleeper,9:30 AM,2793.4294871794873,Sleeper,Karachi,Lahore Thokar
2024-09-13,Manthar Coach Luxury,9:30 AM,2793.4294871794873,Luxury,Karachi,Lahore
2024-09-15,Daewoo Express Luxury,9:30 AM,2793.4294871794873,Luxury,Karachi,Lahore Thokar
2024-09-15,Daewoo Express Luxury,9:30 AM,2793.4294871794873,Luxury,KARACHI BAHRIA TOWN,LAHORE THOKAR
2024-09-15,Daewoo Express Sleeper,9:30 AM,2793.4294871794873,Sleeper,Karachi,Lahore Thokar
2024-09-15,Manthar Coach Luxury,9:30 AM,2793.4294871794873,Luxury,Karachi,Lahore
2024-09-16,Manthar Coach Luxury,9:30 AM,2793.4294871794873,Luxury,Karachi,Lahore
2024-09-17,Manthar Coach Luxury,9:30 AM,2793.4294871794873,Luxury,Karachi,Lahore
2024-09-18,Manthar Coach Luxury,9:30 AM,2793.4294871794873,Luxury,Karachi,Lahore
2024-09-19,Manthar Coach Luxury,9:30 AM,2793.4294871794873,Luxury,Karachi,Lahore
2024-09-12,Daewoo Express Luxury,9:30 AM,2793.4294871794873,Luxury,Abbottabad,Rawalpindi
2024-09-12,Daewoo Express Luxury,9:30 AM,2793.4294871794873,Luxury,ABBOTABAD (FAWARA CHOWK),Rawalpindi
2024-09-13,Daewoo Express Luxury,9:30 AM,2793.4294871794873,Luxury,Abbottabad,Rawalpindi
2024-09-13,Daewoo Express Luxury,9:30 AM,2793.4294871794873,Luxury,ABBOTABAD (FAWARA CHOWK),Rawalpindi
2024-09-14,Daewoo Express Luxury,9:30 AM,2793.4294871794873,Luxury,Abbottabad,Rawalpindi
2024-09-14,Daewoo Express Luxury,9:30 AM,2793.4294871794873,Luxury,ABBOTABAD (FAWARA CHOWK),Rawalpindi
2024-09-15,Daewoo Express Luxury,9:30 AM,2793.4294871794873,Luxury,Abbottabad,Rawalpindi
2024-09-15,Daewoo Express Luxury,9:30 AM,2793.4294871794873,Luxury,ABBOTABAD (FAWARA CHOWK),Rawalpindi
2024-09-12,Daewoo Express Luxury,9:30 AM,2793.4294871794873,Luxury,"Rawalpindi (Faizabad, ISB)",Abbottabad (Fawara Chowk)
2024-09-12,Daewoo Express Luxury,9:30 AM,2793.4294871794873,Luxury,"Rawalpindi (Faizabad, ISB)",Abbottabad
2024-09-12,Daewoo Express Luxury,9:30 AM,2793.4294871794873,Luxury,Rawalpindi,Abbottabad (Fawara Chowk)
2024-09-12,Daewoo Express Luxury,9:30 AM,2793.4294871794873,Luxury,Rawalpindi,Abbottabad
2024-09-14,Daewoo Express Luxury,9:30 AM,2793.4294871794873,Luxury,"Rawalpindi (Faizabad, ISB)",Abbottabad (Fawara Chowk)
2024-09-14,Daewoo Express Luxury,9:30 AM,2793.4294871794873,Luxury,"Rawalpindi (Faizabad, ISB)",Abbottabad
2024-09-14,Daewoo Express Luxury,9:30 AM,2793.4294871794873,Luxury,Rawalpindi,Abbottabad (Fawara Chowk)
2024-09-14,Daewoo Express Luxury,9:30 AM,2793.4294871794873,Luxury,Rawalpindi,Abbottabad
2024-09-15,Daewoo Express Luxury,9:30 AM,2793.4294871794873,Luxury,"Rawalpindi (Faizabad, ISB)",Abbottabad (Fawara Chowk)
2024-09-15,Daewoo Express Luxury,9:30 AM,2793.4294871794873,Luxury,"Rawalpindi (Faizabad, ISB)",Abbottabad
2024-09-15,Daewoo Express Luxury,9:30 AM,2793.4294871794873,Luxury,Rawalpindi,Abbottabad (Fawara Chowk)
2024-09-15,Daewoo Express Luxury,9:30 AM,2793.4294871794873,Luxury,Rawalpindi,Abbottabad
2024-09-12,Natco Hino Natco,9:30 AM,2793.4294871794873,Hino Natco,Skardu,Rawalpindi
2024-09-14,Natco Hino Natco,9:30 AM,2793.4294871794873,Hino Natco,Skardu,Rawalpindi
2024-09-16,Natco Hino Natco,9:30 AM,2793.4294871794873,Hino Natco,Skardu,Rawalpindi
2024-09-18,Natco Hino Natco,9:30 AM,2793.4294871794873,Hino Natco,Skardu,Rawalpindi
2024-09-12,Natco Hino Natco,9:30 AM,2793.4294871794873,Hino Natco,Rawalpindi,Skardu
2024-09-13,Natco Youtong Natco,9:30 AM,2793.4294871794873,Youtong Natco,Rawalpindi,Skardu
2024-09-15,Natco Hino Natco,9:30 AM,2793.4294871794873,Hino Natco,Rawalpindi,Skardu
2024-09-15,Natco Youtong Natco,9:30 AM,2793.4294871794873,Youtong Natco,Rawalpindi,Skardu
2024-09-16,Natco Hino Natco,9:30 AM,2793.4294871794873,Hino Natco,Rawalpindi,Skardu
2024-09-16,Natco Youtong Natco,9:30 AM,2793.4294871794873,Youtong Natco,Rawalpindi,Skardu
2024-09-18,Natco Hino Natco,9:30 AM,2793.4294871794873,Hino Natco,Rawalpindi,Skardu
2024-09-18,Natco Youtong Natco,9:30 AM,2793.4294871794873,Youtong Natco,Rawalpindi,Skardu
2024-09-12,AK Movers 44 Luxury,9:30 AM,2000.0,44 Luxury,Quetta,Karachi
2024-09-12,Al-Yousaf Transport Luxury,9:30 AM,3500.0,Luxury,Quetta,Karachi
2024-09-12,Al Moqadar Transport Luxury,9:30 AM,4000.0,Luxury,Quetta,Karachi
2024-09-12,Al-Yousaf Transport Business,9:30 AM,3000.0,Business,Quetta,Karachi
2024-09-12,Al Moqadar Transport Sleeper,9:30 AM,5000.0,Sleeper,Quetta,Karachi
2024-09-12,Super Abaseen Daewoo 36 Seater,9:30 AM,2793.4294871794873,36 Seater,Quetta,Karachi
2024-09-12,Super Abaseen Daewoo 24 Seater,9:30 AM,2793.4294871794873,24 Seater,Quetta,Karachi
2024-09-12,Super Abaseen Daewoo 26 Seater,9:30 AM,2793.4294871794873,26 Seater,Quetta,Karachi
2024-09-12,Al Imdad Service Business Class 28 Seater,9:30 AM,2793.4294871794873,Business Class 28 Seater,Quetta,Karachi
2024-09-12,Al Nisar Road Bullet Service Luxury,9:30 AM,2793.4294871794873,Luxury,Quetta,Karachi
2024-09-12,Al Nisar Road Bullet Service 30 Seater,9:30 AM,2793.4294871794873,30 Seater,Quetta,Karachi
2024-09-12,Sada Bahar Daewoo Services Luxury,9:30 AM,2793.4294871794873,Luxury,Quetta,Karachi
2024-09-12,Sada Bahar Daewoo Services Business Class,9:30 AM,2793.4294871794873,Business Class,Quetta,Karachi
2024-09-12,New Shandaar 26 Seater,9:30 AM,2793.4294871794873,26 Seater,Quetta,Karachi
2024-09-12,Abdali Movers Sleeper Service Sleeper,9:30 AM,2793.4294871794873,Sleeper,Quetta,Karachi
2024-09-12,Al Imdad Service Luxury,9:30 AM,2793.4294871794873,Luxury,Quetta,Karachi
2024-09-12,Al Daulat Service Luxury,9:30 AM,2793.4294871794873,Luxury,Quetta,Karachi
2024-09-12,New Shandaar 32 Seater,9:30 AM,2793.4294871794873,32 Seater,Quetta,Karachi
2024-09-12,New Shandaar 25 Seater,9:30 AM,2793.4294871794873,25 Seater,Quetta,Karachi
2024-09-12,New Shandaar 32 Seater Bullet,9:30 AM,2793.4294871794873,32 Seater Bullet,Quetta,Karachi
2024-09-12,Abdali Movers Sleeper Service Luxury,9:30 AM,2793.4294871794873,Luxury,Quetta,Karachi
2024-09-13,AK Movers 44 Luxury,9:30 AM,2000.0,44 Luxury,Quetta,Karachi
2024-09-13,Al-Yousaf Transport Luxury,9:30 AM,3500.0,Luxury,Quetta,Karachi
2024-09-13,Al Moqadar Transport Luxury,9:30 AM,4000.0,Luxury,Quetta,Karachi
2024-09-13,Al-Yousaf Transport Business,9:30 AM,3000.0,Business,Quetta,Karachi
2024-09-13,Al Moqadar Transport Sleeper,9:30 AM,5000.0,Sleeper,Quetta,Karachi
2024-09-13,Super Abaseen Daewoo 36 Seater,9:30 AM,2793.4294871794873,36 Seater,Quetta,Karachi
2024-09-13,Super Abaseen Daewoo 24 Seater,9:30 AM,2793.4294871794873,24 Seater,Quetta,Karachi
2024-09-13,Super Abaseen Daewoo 26 Seater,9:30 AM,2793.4294871794873,26 Seater,Quetta,Karachi
2024-09-13,Al Imdad Service Business Class 28 Seater,9:30 AM,2793.4294871794873,Business Class 28 Seater,Quetta,Karachi
2024-09-13,Al Nisar Road Bullet Service Luxury,9:30 AM,2793.4294871794873,Luxury,Quetta,Karachi
2024-09-13,Al Nisar Road Bullet Service 30 Seater,9:30 AM,2793.4294871794873,30 Seater,Quetta,Karachi
2024-09-13,Sada Bahar Daewoo Services Luxury,9:30 AM,2793.4294871794873,Luxury,Quetta,Karachi
2024-09-13,Sada Bahar Daewoo Services Business Class,9:30 AM,2793.4294871794873,Business Class,Quetta,Karachi
2024-09-13,New Shandaar 26 Seater,9:30 AM,2793.4294871794873,26 Seater,Quetta,Karachi
2024-09-13,Abdali Movers Sleeper Service Sleeper,9:30 AM,2793.4294871794873,Sleeper,Quetta,Karachi
2024-09-13,Al Imdad Service Luxury,9:30 AM,2793.4294871794873,Luxury,Quetta,Karachi
2024-09-13,Al Daulat Service Luxury,9:30 AM,2793.4294871794873,Luxury,Quetta,Karachi
2024-09-13,New Shandaar 32 Seater,9:30 AM,2793.4294871794873,32 Seater,Quetta,Karachi
2024-09-13,New Shandaar 25 Seater,9:30 AM,2793.4294871794873,25 Seater,Quetta,Karachi
2024-09-13,New Shandaar 32 Seater Bullet,9:30 AM,2793.4294871794873,32 Seater Bullet,Quetta,Karachi
2024-09-13,Abdali Movers Sleeper Service Luxury,9:30 AM,2793.4294871794873,Luxury,Quetta,Karachi
2024-09-14,AK Movers 44 Luxury,9:30 AM,2000.0,44 Luxury,Quetta,Karachi
2024-09-14,Al-Yousaf Transport Luxury,9:30 AM,3500.0,Luxury,Quetta,Karachi
2024-09-14,Al Moqadar Transport Luxury,9:30 AM,4000.0,Luxury,Quetta,Karachi
2024-09-14,Al-Yousaf Transport Business,9:30 AM,3000.0,Business,Quetta,Karachi
2024-09-14,Al Moqadar Transport Sleeper,9:30 AM,5000.0,Sleeper,Quetta,Karachi
2024-09-14,Super Abaseen Daewoo 36 Seater,9:30 AM,2793.4294871794873,36 Seater,Quetta,Karachi
2024-09-14,Super Abaseen Daewoo 24 Seater,9:30 AM,2793.4294871794873,24 Seater,Quetta,Karachi
2024-09-14,Super Abaseen Daewoo 26 Seater,9:30 AM,2793.4294871794873,26 Seater,Quetta,Karachi
2024-09-14,Al Imdad Service Business Class 28 Seater,9:30 AM,2793.4294871794873,Business Class 28 Seater,Quetta,Karachi
2024-09-14,Al Nisar Road Bullet Service Luxury,9:30 AM,2793.4294871794873,Luxury,Quetta,Karachi
2024-09-14,Al Nisar Road Bullet Service 30 Seater,9:30 AM,2793.4294871794873,30 Seater,Quetta,Karachi
2024-09-14,Sada Bahar Daewoo Services Luxury,9:30 AM,2793.4294871794873,Luxury,Quetta,Karachi
2024-09-14,Sada Bahar Daewoo Services Business Class,9:30 AM,2793.4294871794873,Business Class,Quetta,Karachi
2024-09-14,New Shandaar 26 Seater,9:30 AM,2793.4294871794873,26 Seater,Quetta,Karachi
2024-09-14,Abdali Movers Sleeper Service Sleeper,9:30 AM,2793.4294871794873,Sleeper,Quetta,Karachi
2024-09-14,Al Imdad Service Luxury,9:30 AM,2793.4294871794873,Luxury,Quetta,Karachi
2024-09-14,Al Daulat Service Luxury,9:30 AM,2793.4294871794873,Luxury,Quetta,Karachi
2024-09-14,New Shandaar 32 Seater,9:30 AM,2793.4294871794873,32 Seater,Quetta,Karachi
2024-09-14,New Shandaar 25 Seater,9:30 AM,2793.4294871794873,25 Seater,Quetta,Karachi
2024-09-14,New Shandaar 32 Seater Bullet,9:30 AM,2793.4294871794873,32 Seater Bullet,Quetta,Karachi
2024-09-14,Abdali Movers Sleeper Service Luxury,9:30 AM,2793.4294871794873,Luxury,Quetta,Karachi
2024-09-15,AK Movers 44 Luxury,9:30 AM,2000.0,44 Luxury,Quetta,Karachi
2024-09-15,Al-Yousaf Transport Luxury,9:30 AM,3500.0,Luxury,Quetta,Karachi
2024-09-15,Al Moqadar Transport Luxury,9:30 AM,4000.0,Luxury,Quetta,Karachi
2024-09-15,Al-Yousaf Transport Business,9:30 AM,3000.0,Business,Quetta,Karachi
2024-09-15,Al Moqadar Transport Sleeper,9:30 AM,5000.0,Sleeper,Quetta,Karachi
2024-09-15,Super Abaseen Daewoo 36 Seater,9:30 AM,2793.4294871794873,36 Seater,Quetta,Karachi
2024-09-15,Super Abaseen Daewoo 24 Seater,9:30 AM,2793.4294871794873,24 Seater,Quetta,Karachi
2024-09-15,Super Abaseen Daewoo 26 Seater,9:30 AM,2793.4294871794873,26 Seater,Quetta,Karachi
2024-09-15,Al Imdad Service Business Class 28 Seater,9:30 AM,2793.4294871794873,Business Class 28 Seater,Quetta,Karachi
2024-09-15,Al Nisar Road Bullet Service Luxury,9:30 AM,2793.4294871794873,Luxury,Quetta,Karachi
2024-09-15,Al Nisar Road Bullet Service 30 Seater,9:30 AM,2793.4294871794873,30 Seater,Quetta,Karachi
2024-09-15,Sada Bahar Daewoo Services Luxury,9:30 AM,2793.4294871794873,Luxury,Quetta,Karachi
2024-09-15,Sada Bahar Daewoo Services Business Class,9:30 AM,2793.4294871794873,Business Class,Quetta,Karachi
2024-09-15,New Shandaar 26 Seater,9:30 AM,2793.4294871794873,26 Seater,Quetta,Karachi
2024-09-15,Abdali Movers Sleeper Service Sleeper,9:30 AM,2793.4294871794873,Sleeper,Quetta,Karachi
2024-09-15,Al Imdad Service Luxury,9:30 AM,2793.4294871794873,Luxury,Quetta,Karachi
2024-09-15,Al Daulat Service Luxury,9:30 AM,2793.4294871794873,Luxury,Quetta,Karachi
2024-09-15,New Shandaar 32 Seater,9:30 AM,2793.4294871794873,32 Seater,Quetta,Karachi
2024-09-15,New Shandaar 25 Seater,9:30 AM,2793.4294871794873,25 Seater,Quetta,Karachi
2024-09-15,New Shandaar 32 Seater Bullet,9:30 AM,2793.4294871794873,32 Seater Bullet,Quetta,Karachi
2024-09-15,Abdali Movers Sleeper Service Luxury,9:30 AM,2793.4294871794873,Luxury,Quetta,Karachi
2024-09-16,AK Movers 44 Luxury,9:30 AM,2000.0,44 Luxury,Quetta,Karachi
2024-09-16,Al-Yousaf Transport Luxury,9:30 AM,3500.0,Luxury,Quetta,Karachi
2024-09-16,Al Moqadar Transport Luxury,9:30 AM,4000.0,Luxury,Quetta,Karachi
2024-09-16,Al-Yousaf Transport Business,9:30 AM,3000.0,Business,Quetta,Karachi
2024-09-16,Al Moqadar Transport Sleeper,9:30 AM,5000.0,Sleeper,Quetta,Karachi
2024-09-16,Super Abaseen Daewoo 36 Seater,9:30 AM,2793.4294871794873,36 Seater,Quetta,Karachi
2024-09-16,Super Abaseen Daewoo 24 Seater,9:30 AM,2793.4294871794873,24 Seater,Quetta,Karachi
2024-09-16,Super Abaseen Daewoo 26 Seater,9:30 AM,2793.4294871794873,26 Seater,Quetta,Karachi
2024-09-16,Al Imdad Service Business Class 28 Seater,9:30 AM,2793.4294871794873,Business Class 28 Seater,Quetta,Karachi
2024-09-16,Al Nisar Road Bullet Service Luxury,9:30 AM,2793.4294871794873,Luxury,Quetta,Karachi
2024-09-16,Al Nisar Road Bullet Service 30 Seater,9:30 AM,2793.4294871794873,30 Seater,Quetta,Karachi
2024-09-16,Sada Bahar Daewoo Services Luxury,9:30 AM,2793.4294871794873,Luxury,Quetta,Karachi
2024-09-16,Sada Bahar Daewoo Services Business Class,9:30 AM,2793.4294871794873,Business Class,Quetta,Karachi
2024-09-16,New Shandaar 26 Seater,9:30 AM,2793.4294871794873,26 Seater,Quetta,Karachi
2024-09-16,Abdali Movers Sleeper Service Sleeper,9:30 AM,2793.4294871794873,Sleeper,Quetta,Karachi
2024-09-16,Al Imdad Service Luxury,9:30 AM,2793.4294871794873,Luxury,Quetta,Karachi
2024-09-16,Al Daulat Service Luxury,9:30 AM,2793.4294871794873,Luxury,Quetta,Karachi
2024-09-16,New Shandaar 32 Seater,9:30 AM,2793.4294871794873,32 Seater,Quetta,Karachi
2024-09-16,New Shandaar 25 Seater,9:30 AM,2793.4294871794873,25 Seater,Quetta,Karachi
2024-09-16,New Shandaar 32 Seater Bullet,9:30 AM,2793.4294871794873,32 Seater Bullet,Quetta,Karachi
2024-09-16,Abdali Movers Sleeper Service Luxury,9:30 AM,2793.4294871794873,Luxury,Quetta,Karachi
2024-09-17,AK Movers 44 Luxury,9:30 AM,2000.0,44 Luxury,Quetta,Karachi
2024-09-17,Al-Yousaf Transport Luxury,9:30 AM,3500.0,Luxury,Quetta,Karachi
2024-09-17,Al Moqadar Transport Luxury,9:30 AM,4000.0,Luxury,Quetta,Karachi
2024-09-17,Al-Yousaf Transport Business,9:30 AM,3000.0,Business,Quetta,Karachi
2024-09-17,Al Moqadar Transport Sleeper,9:30 AM,5000.0,Sleeper,Quetta,Karachi
2024-09-17,Super Abaseen Daewoo 36 Seater,9:30 AM,2793.4294871794873,36 Seater,Quetta,Karachi
2024-09-17,Super Abaseen Daewoo 24 Seater,9:30 AM,2793.4294871794873,24 Seater,Quetta,Karachi
2024-09-17,Super Abaseen Daewoo 26 Seater,9:30 AM,2793.4294871794873,26 Seater,Quetta,Karachi
2024-09-17,Al Imdad Service Business Class 28 Seater,9:30 AM,2793.4294871794873,Business Class 28 Seater,Quetta,Karachi
2024-09-17,Al Nisar Road Bullet Service Luxury,9:30 AM,2793.4294871794873,Luxury,Quetta,Karachi
2024-09-17,Al Nisar Road Bullet Service 30 Seater,9:30 AM,2793.4294871794873,30 Seater,Quetta,Karachi
2024-09-17,Sada Bahar Daewoo Services Luxury,9:30 AM,2793.4294871794873,Luxury,Quetta,Karachi
2024-09-17,Sada Bahar Daewoo Services Business Class,9:30 AM,2793.4294871794873,Business Class,Quetta,Karachi
2024-09-17,New Shandaar 26 Seater,9:30 AM,2793.4294871794873,26 Seater,Quetta,Karachi
2024-09-17,Abdali Movers Sleeper Service Sleeper,9:30 AM,2793.4294871794873,Sleeper,Quetta,Karachi
2024-09-17,Al Imdad Service Luxury,9:30 AM,2793.4294871794873,Luxury,Quetta,Karachi
2024-09-17,Al Daulat Service Luxury,9:30 AM,2793.4294871794873,Luxury,Quetta,Karachi
2024-09-17,New Shandaar 32 Seater,9:30 AM,2793.4294871794873,32 Seater,Quetta,Karachi
2024-09-17,New Shandaar 25 Seater,9:30 AM,2793.4294871794873,25 Seater,Quetta,Karachi
2024-09-17,New Shandaar 32 Seater Bullet,9:30 AM,2793.4294871794873,32 Seater Bullet,Quetta,Karachi
2024-09-17,Abdali Movers Sleeper Service Luxury,9:30 AM,2793.4294871794873,Luxury,Quetta,Karachi
2024-09-18,AK Movers 44 Luxury,9:30 AM,2000.0,44 Luxury,Quetta,Karachi
2024-09-18,Al-Yousaf Transport Luxury,9:30 AM,3500.0,Luxury,Quetta,Karachi
2024-09-18,Al Moqadar Transport Luxury,9:30 AM,4000.0,Luxury,Quetta,Karachi
2024-09-18,Al-Yousaf Transport Business,9:30 AM,3000.0,Business,Quetta,Karachi
2024-09-18,Al Moqadar Transport Sleeper,9:30 AM,5000.0,Sleeper,Quetta,Karachi
2024-09-18,Super Abaseen Daewoo 36 Seater,9:30 AM,2793.4294871794873,36 Seater,Quetta,Karachi
2024-09-18,Super Abaseen Daewoo 24 Seater,9:30 AM,2793.4294871794873,24 Seater,Quetta,Karachi
2024-09-18,Super Abaseen Daewoo 26 Seater,9:30 AM,2793.4294871794873,26 Seater,Quetta,Karachi
2024-09-18,Al Imdad Service Business Class 28 Seater,9:30 AM,2793.4294871794873,Business Class 28 Seater,Quetta,Karachi
2024-09-18,Al Nisar Road Bullet Service Luxury,9:30 AM,2793.4294871794873,Luxury,Quetta,Karachi
2024-09-18,Al Nisar Road Bullet Service 30 Seater,9:30 AM,2793.4294871794873,30 Seater,Quetta,Karachi
2024-09-18,Sada Bahar Daewoo Services Luxury,9:30 AM,2793.4294871794873,Luxury,Quetta,Karachi
2024-09-18,Sada Bahar Daewoo Services Business Class,9:30 AM,2793.4294871794873,Business Class,Quetta,Karachi
2024-09-18,New Shandaar 26 Seater,9:30 AM,2793.4294871794873,26 Seater,Quetta,Karachi
2024-09-18,Abdali Movers Sleeper Service Sleeper,9:30 AM,2793.4294871794873,Sleeper,Quetta,Karachi
2024-09-18,Al Imdad Service Luxury,9:30 AM,2793.4294871794873,Luxury,Quetta,Karachi
2024-09-18,Al Daulat Service Luxury,9:30 AM,2793.4294871794873,Luxury,Quetta,Karachi
2024-09-18,New Shandaar 32 Seater,9:30 AM,2793.4294871794873,32 Seater,Quetta,Karachi
2024-09-18,New Shandaar 25 Seater,9:30 AM,2793.4294871794873,25 Seater,Quetta,Karachi
2024-09-18,New Shandaar 32 Seater Bullet,9:30 AM,2793.4294871794873,32 Seater Bullet,Quetta,Karachi
2024-09-18,Abdali Movers Sleeper Service Luxury,9:30 AM,2793.4294871794873,Luxury,Quetta,Karachi
2024-09-19,AK Movers 44 Luxury,9:30 AM,2000.0,44 Luxury,Quetta,Karachi
2024-09-19,Al-Yousaf Transport Luxury,9:30 AM,3500.0,Luxury,Quetta,Karachi
2024-09-19,Al Moqadar Transport Luxury,9:30 AM,4000.0,Luxury,Quetta,Karachi
2024-09-19,Al-Yousaf Transport Business,9:30 AM,3000.0,Business,Quetta,Karachi
2024-09-19,Al Moqadar Transport Sleeper,9:30 AM,5000.0,Sleeper,Quetta,Karachi
2024-09-19,Super Abaseen Daewoo 36 Seater,9:30 AM,2793.4294871794873,36 Seater,Quetta,Karachi
2024-09-19,Super Abaseen Daewoo 24 Seater,9:30 AM,2793.4294871794873,24 Seater,Quetta,Karachi
2024-09-19,Super Abaseen Daewoo 26 Seater,9:30 AM,2793.4294871794873,26 Seater,Quetta,Karachi
2024-09-19,Al Imdad Service Business Class 28 Seater,9:30 AM,2793.4294871794873,Business Class 28 Seater,Quetta,Karachi
2024-09-19,Al Nisar Road Bullet Service Luxury,9:30 AM,2793.4294871794873,Luxury,Quetta,Karachi
2024-09-19,Al Nisar Road Bullet Service 30 Seater,9:30 AM,2793.4294871794873,30 Seater,Quetta,Karachi
2024-09-19,Sada Bahar Daewoo Services Luxury,9:30 AM,2793.4294871794873,Luxury,Quetta,Karachi
2024-09-19,Sada Bahar Daewoo Services Business Class,9:30 AM,2793.4294871794873,Business Class,Quetta,Karachi
2024-09-19,New Shandaar 26 Seater,9:30 AM,2793.4294871794873,26 Seater,Quetta,Karachi
2024-09-19,Abdali Movers Sleeper Service Sleeper,9:30 AM,2793.4294871794873,Sleeper,Quetta,Karachi
2024-09-19,Al Imdad Service Luxury,9:30 AM,2793.4294871794873,Luxury,Quetta,Karachi
2024-09-19,Al Daulat Service Luxury,9:30 AM,2793.4294871794873,Luxury,Quetta,Karachi
2024-09-19,New Shandaar 32 Seater,9:30 AM,2793.4294871794873,32 Seater,Quetta,Karachi
2024-09-19,New Shandaar 25 Seater,9:30 AM,2793.4294871794873,25 Seater,Quetta,Karachi
2024-09-19,New Shandaar 32 Seater Bullet,9:30 AM,2793.4294871794873,32 Seater Bullet,Quetta,Karachi
2024-09-19,Abdali Movers Sleeper Service Luxury,9:30 AM,2793.4294871794873,Luxury,Quetta,Karachi
2024-09-12,AK Movers 44 Luxury,9:30 AM,2500.0,44 Luxury,Karachi,Quetta
2024-09-12,AK Movers 27 Luxury,9:30 AM,3500.0,27 Luxury,Karachi,Quetta
2024-09-12,Al Qudraat Movers Luxury 36 Seater,9:30 AM,3500.0,Luxury 36 Seater,Karachi,Quetta
2024-09-12,Karachi Express Luxury,9:30 AM,2793.4294871794873,Luxury,Karachi,Quetta
2024-09-12,Al Qudraat Movers Sleeper 33 Seater,9:30 AM,5500.0,Sleeper 33 Seater,Karachi,Quetta
2024-09-12,Karachi Express Business,9:30 AM,2793.4294871794873,Business,Karachi,Quetta
2024-09-12,Karachi Express Sleeper,9:30 AM,2793.4294871794873,Sleeper,Karachi,Quetta
2024-09-12,Al Moqadar Transport Luxury,9:30 AM,3900.0,Luxury,Karachi,Quetta
2024-09-12,Al Qudraat Movers Business 27 Seater,9:30 AM,4495.0,Business 27 Seater,Karachi,Quetta
2024-09-12,Al Moqadar Transport Sleeper,9:30 AM,5000.0,Sleeper,Karachi,Quetta
2024-09-12,Super Abaseen Daewoo 36 Seater,9:30 AM,2793.4294871794873,36 Seater,Karachi,Quetta
2024-09-12,Super Abaseen Daewoo 24 Seater,9:30 AM,2793.4294871794873,24 Seater,Karachi,Quetta
2024-09-12,New Prince Luxury,9:30 AM,2793.4294871794873,Luxury,Karachi,Quetta
2024-09-12,EK Movers 44 Seater,9:30 AM,2793.4294871794873,44 Seater,Karachi,Quetta
2024-09-12,EK Movers 36 Seater,9:30 AM,2793.4294871794873,36 Seater,Karachi,Quetta
2024-09-12,Super Abaseen Daewoo 26 Seater,9:30 AM,2793.4294871794873,26 Seater,Karachi,Quetta
2024-09-12,Abdali Movers Sleeper Service Sleeper,9:30 AM,2793.4294871794873,Sleeper,Karachi,Quetta
2024-09-12,Ariana Daewoo Service Luxury,9:30 AM,2793.4294871794873,Luxury,Karachi,Quetta
2024-09-12,Arbaz Khan Movers Luxury,9:30 AM,2793.4294871794873,Luxury,Karachi,Quetta
2024-09-12,EK Movers 32 Seater,9:30 AM,2793.4294871794873,32 Seater,Karachi,Quetta
2024-09-12,Al Naseeb Daewoo Business Class,9:30 AM,2793.4294871794873,Business Class,Karachi,Quetta
2024-09-12,Al Naseeb Daewoo Sleeper,9:30 AM,2793.4294871794873,Sleeper,Karachi,Quetta
2024-09-12,Al Imdad Service Luxury,9:30 AM,2793.4294871794873,Luxury,Karachi,Quetta
2024-09-12,Al Daulat Service Luxury,9:30 AM,2793.4294871794873,Luxury,Karachi,Quetta
2024-09-12,Al Imdad Service Business Class 28 Seater,9:30 AM,2793.4294871794873,Business Class 28 Seater,Karachi,Quetta
2024-09-12,New Shandaar 32 Seater,9:30 AM,2793.4294871794873,32 Seater,Karachi,Quetta
2024-09-12,Abdali Movers Sleeper Service Luxury,9:30 AM,2793.4294871794873,Luxury,Karachi,Quetta
2024-09-12,New Shandaar 32 Seater Bullet,9:30 AM,2793.4294871794873,32 Seater Bullet,Karachi,Quetta
2024-09-12,New Shandaar 26 Seater,9:30 AM,2793.4294871794873,26 Seater,Karachi,Quetta
2024-09-12,EK Movers 33 Sleeper,9:30 AM,2793.4294871794873,33 Sleeper,Karachi,Quetta
2024-09-12,Al Habib Sleeper Service Sleeper,9:30 AM,2793.4294871794873,Sleeper,Karachi,Quetta
2024-09-13,AK Movers 44 Luxury,9:30 AM,2500.0,44 Luxury,Karachi,Quetta
2024-09-13,AK Movers 27 Luxury,9:30 AM,3500.0,27 Luxury,Karachi,Quetta
2024-09-13,Al Qudraat Movers Luxury 36 Seater,9:30 AM,3500.0,Luxury 36 Seater,Karachi,Quetta
2024-09-13,Karachi Express Luxury,9:30 AM,2793.4294871794873,Luxury,Karachi,Quetta
2024-09-13,Al Qudraat Movers Sleeper 33 Seater,9:30 AM,5500.0,Sleeper 33 Seater,Karachi,Quetta
2024-09-13,Karachi Express Business,9:30 AM,2793.4294871794873,Business,Karachi,Quetta
2024-09-13,Karachi Express Sleeper,9:30 AM,2793.4294871794873,Sleeper,Karachi,Quetta
2024-09-13,Al Moqadar Transport Luxury,9:30 AM,3900.0,Luxury,Karachi,Quetta
2024-09-13,Al Qudraat Movers Business 27 Seater,9:30 AM,4495.0,Business 27 Seater,Karachi,Quetta
2024-09-13,Al Moqadar Transport Sleeper,9:30 AM,5000.0,Sleeper,Karachi,Quetta
2024-09-13,Super Abaseen Daewoo 36 Seater,9:30 AM,2793.4294871794873,36 Seater,Karachi,Quetta
2024-09-13,Super Abaseen Daewoo 24 Seater,9:30 AM,2793.4294871794873,24 Seater,Karachi,Quetta
2024-09-13,New Prince Luxury,9:30 AM,2793.4294871794873,Luxury,Karachi,Quetta
2024-09-13,EK Movers 44 Seater,9:30 AM,2793.4294871794873,44 Seater,Karachi,Quetta
2024-09-13,EK Movers 36 Seater,9:30 AM,2793.4294871794873,36 Seater,Karachi,Quetta
2024-09-13,Super Abaseen Daewoo 26 Seater,9:30 AM,2793.4294871794873,26 Seater,Karachi,Quetta
2024-09-13,Abdali Movers Sleeper Service Sleeper,9:30 AM,2793.4294871794873,Sleeper,Karachi,Quetta
2024-09-13,Ariana Daewoo Service Luxury,9:30 AM,2793.4294871794873,Luxury,Karachi,Quetta
2024-09-13,Arbaz Khan Movers Luxury,9:30 AM,2793.4294871794873,Luxury,Karachi,Quetta
2024-09-13,EK Movers 32 Seater,9:30 AM,2793.4294871794873,32 Seater,Karachi,Quetta
2024-09-13,Al Naseeb Daewoo Business Class,9:30 AM,2793.4294871794873,Business Class,Karachi,Quetta
2024-09-13,Al Naseeb Daewoo Sleeper,9:30 AM,2793.4294871794873,Sleeper,Karachi,Quetta
2024-09-13,Al Imdad Service Luxury,9:30 AM,2793.4294871794873,Luxury,Karachi,Quetta
2024-09-13,Al Daulat Service Luxury,9:30 AM,2793.4294871794873,Luxury,Karachi,Quetta
2024-09-13,Al Imdad Service Business Class 28 Seater,9:30 AM,2793.4294871794873,Business Class 28 Seater,Karachi,Quetta
2024-09-13,New Shandaar 32 Seater,9:30 AM,2793.4294871794873,32 Seater,Karachi,Quetta
2024-09-13,Abdali Movers Sleeper Service Luxury,9:30 AM,2793.4294871794873,Luxury,Karachi,Quetta
2024-09-13,New Shandaar 32 Seater Bullet,9:30 AM,2793.4294871794873,32 Seater Bullet,Karachi,Quetta
2024-09-13,New Shandaar 26 Seater,9:30 AM,2793.4294871794873,26 Seater,Karachi,Quetta
2024-09-13,EK Movers 33 Sleeper,9:30 AM,2793.4294871794873,33 Sleeper,Karachi,Quetta
2024-09-13,Al Habib Sleeper Service Sleeper,9:30 AM,2793.4294871794873,Sleeper,Karachi,Quetta
2024-09-14,AK Movers 44 Luxury,9:30 AM,2500.0,44 Luxury,Karachi,Quetta
2024-09-14,AK Movers 27 Luxury,9:30 AM,3500.0,27 Luxury,Karachi,Quetta
2024-09-14,Al Qudraat Movers Luxury 36 Seater,9:30 AM,3500.0,Luxury 36 Seater,Karachi,Quetta
2024-09-14,Karachi Express Luxury,9:30 AM,2793.4294871794873,Luxury,Karachi,Quetta
2024-09-14,Al Qudraat Movers Sleeper 33 Seater,9:30 AM,5500.0,Sleeper 33 Seater,Karachi,Quetta
2024-09-14,Karachi Express Business,9:30 AM,2793.4294871794873,Business,Karachi,Quetta
2024-09-14,Karachi Express Sleeper,9:30 AM,2793.4294871794873,Sleeper,Karachi,Quetta
2024-09-14,Al Moqadar Transport Luxury,9:30 AM,3900.0,Luxury,Karachi,Quetta
2024-09-14,Al Qudraat Movers Business 27 Seater,9:30 AM,4495.0,Business 27 Seater,Karachi,Quetta
2024-09-14,Al Moqadar Transport Sleeper,9:30 AM,5000.0,Sleeper,Karachi,Quetta
2024-09-14,Super Abaseen Daewoo 36 Seater,9:30 AM,2793.4294871794873,36 Seater,Karachi,Quetta
2024-09-14,Super Abaseen Daewoo 24 Seater,9:30 AM,2793.4294871794873,24 Seater,Karachi,Quetta
2024-09-14,New Prince Luxury,9:30 AM,2793.4294871794873,Luxury,Karachi,Quetta
2024-09-14,EK Movers 44 Seater,9:30 AM,2793.4294871794873,44 Seater,Karachi,Quetta
2024-09-14,EK Movers 36 Seater,9:30 AM,2793.4294871794873,36 Seater,Karachi,Quetta
2024-09-14,Super Abaseen Daewoo 26 Seater,9:30 AM,2793.4294871794873,26 Seater,Karachi,Quetta
2024-09-14,Abdali Movers Sleeper Service Sleeper,9:30 AM,2793.4294871794873,Sleeper,Karachi,Quetta
2024-09-14,Ariana Daewoo Service Luxury,9:30 AM,2793.4294871794873,Luxury,Karachi,Quetta
2024-09-14,Arbaz Khan Movers Luxury,9:30 AM,2793.4294871794873,Luxury,Karachi,Quetta
2024-09-14,EK Movers 32 Seater,9:30 AM,2793.4294871794873,32 Seater,Karachi,Quetta
2024-09-14,Al Naseeb Daewoo Business Class,9:30 AM,2793.4294871794873,Business Class,Karachi,Quetta
2024-09-14,Al Naseeb Daewoo Sleeper,9:30 AM,2793.4294871794873,Sleeper,Karachi,Quetta
2024-09-14,Al Imdad Service Luxury,9:30 AM,2793.4294871794873,Luxury,Karachi,Quetta
2024-09-14,Al Daulat Service Luxury,9:30 AM,2793.4294871794873,Luxury,Karachi,Quetta
2024-09-14,Al Imdad Service Business Class 28 Seater,9:30 AM,2793.4294871794873,Business Class 28 Seater,Karachi,Quetta
2024-09-14,New Shandaar 32 Seater,9:30 AM,2793.4294871794873,32 Seater,Karachi,Quetta
2024-09-14,Abdali Movers Sleeper Service Luxury,9:30 AM,2793.4294871794873,Luxury,Karachi,Quetta
2024-09-14,New Shandaar 32 Seater Bullet,9:30 AM,2793.4294871794873,32 Seater Bullet,Karachi,Quetta
2024-09-14,New Shandaar 26 Seater,9:30 AM,2793.4294871794873,26 Seater,Karachi,Quetta
2024-09-14,EK Movers 33 Sleeper,9:30 AM,2793.4294871794873,33 Sleeper,Karachi,Quetta
2024-09-14,Al Habib Sleeper Service Sleeper,9:30 AM,2793.4294871794873,Sleeper,Karachi,Quetta
2024-09-16,AK Movers 44 Luxury,9:30 AM,2500.0,44 Luxury,Karachi,Quetta
2024-09-16,AK Movers 27 Luxury,9:30 AM,3500.0,27 Luxury,Karachi,Quetta
2024-09-16,Al Qudraat Movers Luxury 36 Seater,9:30 AM,3500.0,Luxury 36 Seater,Karachi,Quetta
2024-09-16,Karachi Express Luxury,9:30 AM,2793.4294871794873,Luxury,Karachi,Quetta
2024-09-16,Al Qudraat Movers Sleeper 33 Seater,9:30 AM,5500.0,Sleeper 33 Seater,Karachi,Quetta
2024-09-16,Karachi Express Business,9:30 AM,2793.4294871794873,Business,Karachi,Quetta
2024-09-16,Karachi Express Sleeper,9:30 AM,2793.4294871794873,Sleeper,Karachi,Quetta
2024-09-16,Al Moqadar Transport Luxury,9:30 AM,3900.0,Luxury,Karachi,Quetta
2024-09-16,Al Qudraat Movers Business 27 Seater,9:30 AM,4495.0,Business 27 Seater,Karachi,Quetta
2024-09-16,Al Moqadar Transport Sleeper,9:30 AM,5000.0,Sleeper,Karachi,Quetta
2024-09-16,Super Abaseen Daewoo 36 Seater,9:30 AM,2793.4294871794873,36 Seater,Karachi,Quetta
2024-09-16,Super Abaseen Daewoo 24 Seater,9:30 AM,2793.4294871794873,24 Seater,Karachi,Quetta
2024-09-16,New Prince Luxury,9:30 AM,2793.4294871794873,Luxury,Karachi,Quetta
2024-09-16,EK Movers 44 Seater,9:30 AM,2793.4294871794873,44 Seater,Karachi,Quetta
2024-09-16,EK Movers 36 Seater,9:30 AM,2793.4294871794873,36 Seater,Karachi,Quetta
2024-09-16,Super Abaseen Daewoo 26 Seater,9:30 AM,2793.4294871794873,26 Seater,Karachi,Quetta
2024-09-16,Abdali Movers Sleeper Service Sleeper,9:30 AM,2793.4294871794873,Sleeper,Karachi,Quetta
2024-09-16,Ariana Daewoo Service Luxury,9:30 AM,2793.4294871794873,Luxury,Karachi,Quetta
2024-09-16,Arbaz Khan Movers Luxury,9:30 AM,2793.4294871794873,Luxury,Karachi,Quetta
2024-09-16,EK Movers 32 Seater,9:30 AM,2793.4294871794873,32 Seater,Karachi,Quetta
2024-09-16,Al Naseeb Daewoo Business Class,9:30 AM,2793.4294871794873,Business Class,Karachi,Quetta
2024-09-16,Al Naseeb Daewoo Sleeper,9:30 AM,2793.4294871794873,Sleeper,Karachi,Quetta
2024-09-16,Al Imdad Service Luxury,9:30 AM,2793.4294871794873,Luxury,Karachi,Quetta
2024-09-16,Al Daulat Service Luxury,9:30 AM,2793.4294871794873,Luxury,Karachi,Quetta
2024-09-16,Al Imdad Service Business Class 28 Seater,9:30 AM,2793.4294871794873,Business Class 28 Seater,Karachi,Quetta
2024-09-16,New Shandaar 32 Seater,9:30 AM,2793.4294871794873,32 Seater,Karachi,Quetta
2024-09-16,Abdali Movers Sleeper Service Luxury,9:30 AM,2793.4294871794873,Luxury,Karachi,Quetta
2024-09-16,New Shandaar 32 Seater Bullet,9:30 AM,2793.4294871794873,32 Seater Bullet,Karachi,Quetta
2024-09-16,New Shandaar 26 Seater,9:30 AM,2793.4294871794873,26 Seater,Karachi,Quetta
2024-09-16,EK Movers 33 Sleeper,9:30 AM,2793.4294871794873,33 Sleeper,Karachi,Quetta
2024-09-16,Al Habib Sleeper Service Sleeper,9:30 AM,2793.4294871794873,Sleeper,Karachi,Quetta
2024-09-17,AK Movers 44 Luxury,9:30 AM,2500.0,44 Luxury,Karachi,Quetta
2024-09-17,AK Movers 27 Luxury,9:30 AM,3500.0,27 Luxury,Karachi,Quetta
2024-09-17,Al Qudraat Movers Luxury 36 Seater,9:30 AM,3500.0,Luxury 36 Seater,Karachi,Quetta
2024-09-17,Karachi Express Luxury,9:30 AM,2793.4294871794873,Luxury,Karachi,Quetta
2024-09-17,Al Qudraat Movers Sleeper 33 Seater,9:30 AM,5500.0,Sleeper 33 Seater,Karachi,Quetta
2024-09-17,Karachi Express Business,9:30 AM,2793.4294871794873,Business,Karachi,Quetta
2024-09-17,Karachi Express Sleeper,9:30 AM,2793.4294871794873,Sleeper,Karachi,Quetta
2024-09-17,Al Moqadar Transport Luxury,9:30 AM,3900.0,Luxury,Karachi,Quetta
2024-09-17,Al Qudraat Movers Business 27 Seater,9:30 AM,4495.0,Business 27 Seater,Karachi,Quetta
2024-09-17,Al Moqadar Transport Sleeper,9:30 AM,5000.0,Sleeper,Karachi,Quetta
2024-09-17,Super Abaseen Daewoo 36 Seater,9:30 AM,2793.4294871794873,36 Seater,Karachi,Quetta
2024-09-17,Super Abaseen Daewoo 24 Seater,9:30 AM,2793.4294871794873,24 Seater,Karachi,Quetta
2024-09-17,New Prince Luxury,9:30 AM,2793.4294871794873,Luxury,Karachi,Quetta
2024-09-17,EK Movers 44 Seater,9:30 AM,2793.4294871794873,44 Seater,Karachi,Quetta
2024-09-17,EK Movers 36 Seater,9:30 AM,2793.4294871794873,36 Seater,Karachi,Quetta
2024-09-17,Super Abaseen Daewoo 26 Seater,9:30 AM,2793.4294871794873,26 Seater,Karachi,Quetta
2024-09-17,Abdali Movers Sleeper Service Sleeper,9:30 AM,2793.4294871794873,Sleeper,Karachi,Quetta
2024-09-17,Ariana Daewoo Service Luxury,9:30 AM,2793.4294871794873,Luxury,Karachi,Quetta
2024-09-17,Arbaz Khan Movers Luxury,9:30 AM,2793.4294871794873,Luxury,Karachi,Quetta
2024-09-17,EK Movers 32 Seater,9:30 AM,2793.4294871794873,32 Seater,Karachi,Quetta
2024-09-17,Al Naseeb Daewoo Business Class,9:30 AM,2793.4294871794873,Business Class,Karachi,Quetta
2024-09-17,Al Naseeb Daewoo Sleeper,9:30 AM,2793.4294871794873,Sleeper,Karachi,Quetta
2024-09-17,Al Imdad Service Luxury,9:30 AM,2793.4294871794873,Luxury,Karachi,Quetta
2024-09-17,Al Daulat Service Luxury,9:30 AM,2793.4294871794873,Luxury,Karachi,Quetta
2024-09-17,Al Imdad Service Business Class 28 Seater,9:30 AM,2793.4294871794873,Business Class 28 Seater,Karachi,Quetta
2024-09-17,New Shandaar 32 Seater,9:30 AM,2793.4294871794873,32 Seater,Karachi,Quetta
2024-09-17,Abdali Movers Sleeper Service Luxury,9:30 AM,2793.4294871794873,Luxury,Karachi,Quetta
2024-09-17,New Shandaar 32 Seater Bullet,9:30 AM,2793.4294871794873,32 Seater Bullet,Karachi,Quetta
2024-09-17,New Shandaar 26 Seater,9:30 AM,2793.4294871794873,26 Seater,Karachi,Quetta
2024-09-17,EK Movers 33 Sleeper,9:30 AM,2793.4294871794873,33 Sleeper,Karachi,Quetta
2024-09-17,Al Habib Sleeper Service Sleeper,9:30 AM,2793.4294871794873,Sleeper,Karachi,Quetta
2024-09-18,AK Movers 44 Luxury,9:30 AM,2500.0,44 Luxury,Karachi,Quetta
2024-09-18,AK Movers 27 Luxury,9:30 AM,3500.0,27 Luxury,Karachi,Quetta
2024-09-18,Al Qudraat Movers Luxury 36 Seater,9:30 AM,3500.0,Luxury 36 Seater,Karachi,Quetta
2024-09-18,Karachi Express Luxury,9:30 AM,2793.4294871794873,Luxury,Karachi,Quetta
2024-09-18,Al Qudraat Movers Sleeper 33 Seater,9:30 AM,5500.0,Sleeper 33 Seater,Karachi,Quetta
2024-09-18,Karachi Express Business,9:30 AM,2793.4294871794873,Business,Karachi,Quetta
2024-09-18,Karachi Express Sleeper,9:30 AM,2793.4294871794873,Sleeper,Karachi,Quetta
2024-09-18,Al Moqadar Transport Luxury,9:30 AM,3900.0,Luxury,Karachi,Quetta
2024-09-18,Al Qudraat Movers Business 27 Seater,9:30 AM,4495.0,Business 27 Seater,Karachi,Quetta
2024-09-18,Al Moqadar Transport Sleeper,9:30 AM,5000.0,Sleeper,Karachi,Quetta
2024-09-18,Super Abaseen Daewoo 36 Seater,9:30 AM,2793.4294871794873,36 Seater,Karachi,Quetta
2024-09-18,Super Abaseen Daewoo 24 Seater,9:30 AM,2793.4294871794873,24 Seater,Karachi,Quetta
2024-09-18,New Prince Luxury,9:30 AM,2793.4294871794873,Luxury,Karachi,Quetta
2024-09-18,EK Movers 44 Seater,9:30 AM,2793.4294871794873,44 Seater,Karachi,Quetta
2024-09-18,EK Movers 36 Seater,9:30 AM,2793.4294871794873,36 Seater,Karachi,Quetta
2024-09-18,Super Abaseen Daewoo 26 Seater,9:30 AM,2793.4294871794873,26 Seater,Karachi,Quetta
2024-09-18,Abdali Movers Sleeper Service Sleeper,9:30 AM,2793.4294871794873,Sleeper,Karachi,Quetta
2024-09-18,Ariana Daewoo Service Luxury,9:30 AM,2793.4294871794873,Luxury,Karachi,Quetta
2024-09-18,Arbaz Khan Movers Luxury,9:30 AM,2793.4294871794873,Luxury,Karachi,Quetta
2024-09-18,EK Movers 32 Seater,9:30 AM,2793.4294871794873,32 Seater,Karachi,Quetta
2024-09-18,Al Naseeb Daewoo Business Class,9:30 AM,2793.4294871794873,Business Class,Karachi,Quetta
2024-09-18,Al Naseeb Daewoo Sleeper,9:30 AM,2793.4294871794873,Sleeper,Karachi,Quetta
2024-09-18,Al Imdad Service Luxury,9:30 AM,2793.4294871794873,Luxury,Karachi,Quetta
2024-09-18,Al Daulat Service Luxury,9:30 AM,2793.4294871794873,Luxury,Karachi,Quetta
2024-09-18,Al Imdad Service Business Class 28 Seater,9:30 AM,2793.4294871794873,Business Class 28 Seater,Karachi,Quetta
2024-09-18,New Shandaar 32 Seater,9:30 AM,2793.4294871794873,32 Seater,Karachi,Quetta
2024-09-18,Abdali Movers Sleeper Service Luxury,9:30 AM,2793.4294871794873,Luxury,Karachi,Quetta
2024-09-18,New Shandaar 32 Seater Bullet,9:30 AM,2793.4294871794873,32 Seater Bullet,Karachi,Quetta
2024-09-18,New Shandaar 26 Seater,9:30 AM,2793.4294871794873,26 Seater,Karachi,Quetta
2024-09-18,EK Movers 33 Sleeper,9:30 AM,2793.4294871794873,33 Sleeper,Karachi,Quetta
2024-09-18,Al Habib Sleeper Service Sleeper,9:30 AM,2793.4294871794873,Sleeper,Karachi,Quetta
2024-09-19,AK Movers 44 Luxury,9:30 AM,2500.0,44 Luxury,Karachi,Quetta
2024-09-19,AK Movers 27 Luxury,9:30 AM,3500.0,27 Luxury,Karachi,Quetta
2024-09-19,Al Qudraat Movers Luxury 36 Seater,9:30 AM,3500.0,Luxury 36 Seater,Karachi,Quetta
2024-09-19,Karachi Express Luxury,9:30 AM,2793.4294871794873,Luxury,Karachi,Quetta
2024-09-19,Al Qudraat Movers Sleeper 33 Seater,9:30 AM,5500.0,Sleeper 33 Seater,Karachi,Quetta
2024-09-19,Karachi Express Business,9:30 AM,2793.4294871794873,Business,Karachi,Quetta
2024-09-19,Karachi Express Sleeper,9:30 AM,2793.4294871794873,Sleeper,Karachi,Quetta
2024-09-19,Al Moqadar Transport Luxury,9:30 AM,3900.0,Luxury,Karachi,Quetta
2024-09-19,Al Qudraat Movers Business 27 Seater,9:30 AM,4495.0,Business 27 Seater,Karachi,Quetta
2024-09-19,Al Moqadar Transport Sleeper,9:30 AM,5000.0,Sleeper,Karachi,Quetta
2024-09-19,Super Abaseen Daewoo 36 Seater,9:30 AM,2793.4294871794873,36 Seater,Karachi,Quetta
2024-09-19,Super Abaseen Daewoo 24 Seater,9:30 AM,2793.4294871794873,24 Seater,Karachi,Quetta
2024-09-19,New Prince Luxury,9:30 AM,2793.4294871794873,Luxury,Karachi,Quetta
2024-09-19,EK Movers 44 Seater,9:30 AM,2793.4294871794873,44 Seater,Karachi,Quetta
2024-09-19,EK Movers 36 Seater,9:30 AM,2793.4294871794873,36 Seater,Karachi,Quetta
2024-09-19,Super Abaseen Daewoo 26 Seater,9:30 AM,2793.4294871794873,26 Seater,Karachi,Quetta
2024-09-19,Abdali Movers Sleeper Service Sleeper,9:30 AM,2793.4294871794873,Sleeper,Karachi,Quetta
2024-09-19,Ariana Daewoo Service Luxury,9:30 AM,2793.4294871794873,Luxury,Karachi,Quetta
2024-09-19,Arbaz Khan Movers Luxury,9:30 AM,2793.4294871794873,Luxury,Karachi,Quetta
2024-09-19,EK Movers 32 Seater,9:30 AM,2793.4294871794873,32 Seater,Karachi,Quetta
2024-09-19,Al Naseeb Daewoo Business Class,9:30 AM,2793.4294871794873,Business Class,Karachi,Quetta
2024-09-19,Al Naseeb Daewoo Sleeper,9:30 AM,2793.4294871794873,Sleeper,Karachi,Quetta
2024-09-19,Al Imdad Service Luxury,9:30 AM,2793.4294871794873,Luxury,Karachi,Quetta
2024-09-19,Al Daulat Service Luxury,9:30 AM,2793.4294871794873,Luxury,Karachi,Quetta
2024-09-19,Al Imdad Service Business Class 28 Seater,9:30 AM,2793.4294871794873,Business Class 28 Seater,Karachi,Quetta
2024-09-19,New Shandaar 32 Seater,9:30 AM,2793.4294871794873,32 Seater,Karachi,Quetta
2024-09-19,Abdali Movers Sleeper Service Luxury,9:30 AM,2793.4294871794873,Luxury,Karachi,Quetta
2024-09-19,New Shandaar 32 Seater Bullet,9:30 AM,2793.4294871794873,32 Seater Bullet,Karachi,Quetta
2024-09-19,New Shandaar 26 Seater,9:30 AM,2793.4294871794873,26 Seater,Karachi,Quetta
2024-09-19,EK Movers 33 Sleeper,9:30 AM,2793.4294871794873,33 Sleeper,Karachi,Quetta
2024-09-19,Al Habib Sleeper Service Sleeper,9:30 AM,2793.4294871794873,Sleeper,Karachi,Quetta
2024-09-15,AK Movers 44 Luxury,9:30 AM,2500.0,44 Luxury,Karachi,Quetta
2024-09-15,AK Movers 27 Luxury,9:30 AM,3500.0,27 Luxury,Karachi,Quetta
2024-09-15,Al Qudraat Movers Luxury 36 Seater,9:30 AM,3500.0,Luxury 36 Seater,Karachi,Quetta
2024-09-15,Karachi Express Luxury,9:30 AM,2793.4294871794873,Luxury,Karachi,Quetta
2024-09-15,Al Qudraat Movers Sleeper 33 Seater,9:30 AM,5500.0,Sleeper 33 Seater,Karachi,Quetta
2024-09-15,Karachi Express Business,9:30 AM,2793.4294871794873,Business,Karachi,Quetta
2024-09-15,Karachi Express Sleeper,9:30 AM,2793.4294871794873,Sleeper,Karachi,Quetta
2024-09-15,Al Moqadar Transport Luxury,9:30 AM,3900.0,Luxury,Karachi,Quetta
2024-09-15,Al Qudraat Movers Business 27 Seater,9:30 AM,4495.0,Business 27 Seater,Karachi,Quetta
2024-09-15,Al Moqadar Transport Sleeper,9:30 AM,5000.0,Sleeper,Karachi,Quetta
2024-09-15,Super Abaseen Daewoo 36 Seater,9:30 AM,2793.4294871794873,36 Seater,Karachi,Quetta
2024-09-15,Super Abaseen Daewoo 24 Seater,9:30 AM,2793.4294871794873,24 Seater,Karachi,Quetta
2024-09-15,New Prince Luxury,9:30 AM,2793.4294871794873,Luxury,Karachi,Quetta
2024-09-15,EK Movers 44 Seater,9:30 AM,2793.4294871794873,44 Seater,Karachi,Quetta
2024-09-15,EK Movers 36 Seater,9:30 AM,2793.4294871794873,36 Seater,Karachi,Quetta
2024-09-15,Super Abaseen Daewoo 26 Seater,9:30 AM,2793.4294871794873,26 Seater,Karachi,Quetta
2024-09-15,Abdali Movers Sleeper Service Sleeper,9:30 AM,2793.4294871794873,Sleeper,Karachi,Quetta
2024-09-15,Ariana Daewoo Service Luxury,9:30 AM,2793.4294871794873,Luxury,Karachi,Quetta
2024-09-15,Arbaz Khan Movers Luxury,9:30 AM,2793.4294871794873,Luxury,Karachi,Quetta
2024-09-15,EK Movers 32 Seater,9:30 AM,2793.4294871794873,32 Seater,Karachi,Quetta
2024-09-15,Al Naseeb Daewoo Business Class,9:30 AM,2793.4294871794873,Business Class,Karachi,Quetta
2024-09-15,Al Naseeb Daewoo Sleeper,9:30 AM,2793.4294871794873,Sleeper,Karachi,Quetta
2024-09-15,Al Imdad Service Luxury,9:30 AM,2793.4294871794873,Luxury,Karachi,Quetta
2024-09-15,Al Daulat Service Luxury,9:30 AM,2793.4294871794873,Luxury,Karachi,Quetta
2024-09-15,Al Imdad Service Business Class 28 Seater,9:30 AM,2793.4294871794873,Business Class 28 Seater,Karachi,Quetta
2024-09-15,New Shandaar 32 Seater,9:30 AM,2793.4294871794873,32 Seater,Karachi,Quetta
2024-09-15,Abdali Movers Sleeper Service Luxury,9:30 AM,2793.4294871794873,Luxury,Karachi,Quetta
2024-09-15,New Shandaar 32 Seater Bullet,9:30 AM,2793.4294871794873,32 Seater Bullet,Karachi,Quetta
2024-09-15,New Shandaar 26 Seater,9:30 AM,2793.4294871794873,26 Seater,Karachi,Quetta
2024-09-15,EK Movers 33 Sleeper,9:30 AM,2793.4294871794873,33 Sleeper,Karachi,Quetta
2024-09-15,Al Habib Sleeper Service Sleeper,9:30 AM,2793.4294871794873,Sleeper,Karachi,Quetta
2024-09-12,Skyways Executive Class,9:30 AM,2793.4294871794873,Executive Class,Lahore,Quetta
2024-09-12,Sada Bahar Daewoo Services Luxury,9:30 AM,2793.4294871794873,Luxury,Lahore,Quetta
2024-09-12,Super Mekhtar Luxury,9:30 AM,4000.0,Luxury,Lahore,Quetta
2024-09-12,Super Mekhtar Sleeper,9:30 AM,6600.0,Sleeper,Lahore,Quetta
2024-09-12,Al-Asif Movers Business Class,9:30 AM,2793.4294871794873,Business Class,Lahore,Quetta
2024-09-12,Super Mekhtar 21 Seater,9:30 AM,5500.0,21 Seater,Lahore,Quetta
2024-09-13,Skyways Executive Class,9:30 AM,2793.4294871794873,Executive Class,Lahore,Quetta
2024-09-13,Sada Bahar Daewoo Services Luxury,9:30 AM,2793.4294871794873,Luxury,Lahore,Quetta
2024-09-13,Super Mekhtar Luxury,9:30 AM,2793.4294871794873,Luxury,Lahore,Quetta
2024-09-13,Al-Asif Movers Business Class,9:30 AM,2793.4294871794873,Business Class,Lahore,Quetta
2024-09-13,Super Mekhtar Sleeper,9:30 AM,2793.4294871794873,Sleeper,Lahore,Quetta
2024-09-13,Super Mekhtar 21 Seater,9:30 AM,2793.4294871794873,21 Seater,Lahore,Quetta
2024-09-14,Skyways Executive Class,9:30 AM,2793.4294871794873,Executive Class,Lahore,Quetta
2024-09-14,Sada Bahar Daewoo Services Luxury,9:30 AM,2793.4294871794873,Luxury,Lahore,Quetta
2024-09-14,Super Mekhtar Luxury,9:30 AM,2793.4294871794873,Luxury,Lahore,Quetta
2024-09-14,Al-Asif Movers Business Class,9:30 AM,2793.4294871794873,Business Class,Lahore,Quetta
2024-09-14,Super Mekhtar Sleeper,9:30 AM,2793.4294871794873,Sleeper,Lahore,Quetta
2024-09-14,Super Mekhtar 21 Seater,9:30 AM,2793.4294871794873,21 Seater,Lahore,Quetta
2024-09-17,Skyways Executive Class,9:30 AM,2793.4294871794873,Executive Class,Lahore,Quetta
2024-09-17,Sada Bahar Daewoo Services Luxury,9:30 AM,2793.4294871794873,Luxury,Lahore,Quetta
2024-09-17,Super Mekhtar Luxury,9:30 AM,2793.4294871794873,Luxury,Lahore,Quetta
2024-09-17,Al-Asif Movers Business Class,9:30 AM,2793.4294871794873,Business Class,Lahore,Quetta
2024-09-17,Super Mekhtar Sleeper,9:30 AM,2793.4294871794873,Sleeper,Lahore,Quetta
2024-09-17,Super Mekhtar 21 Seater,9:30 AM,2793.4294871794873,21 Seater,Lahore,Quetta
2024-09-18,Skyways Executive Class,9:30 AM,2793.4294871794873,Executive Class,Lahore,Quetta
2024-09-18,Sada Bahar Daewoo Services Luxury,9:30 AM,2793.4294871794873,Luxury,Lahore,Quetta
2024-09-18,Super Mekhtar Luxury,9:30 AM,2793.4294871794873,Luxury,Lahore,Quetta
2024-09-18,Al-Asif Movers Business Class,9:30 AM,2793.4294871794873,Business Class,Lahore,Quetta
2024-09-18,Super Mekhtar Sleeper,9:30 AM,2793.4294871794873,Sleeper,Lahore,Quetta
2024-09-18,Super Mekhtar 21 Seater,9:30 AM,2793.4294871794873,21 Seater,Lahore,Quetta
2024-09-19,Skyways Executive Class,9:30 AM,2793.4294871794873,Executive Class,Lahore,Quetta
2024-09-19,Sada Bahar Daewoo Services Luxury,9:30 AM,2793.4294871794873,Luxury,Lahore,Quetta
2024-09-19,Super Mekhtar Luxury,9:30 AM,2793.4294871794873,Luxury,Lahore,Quetta
2024-09-19,Al-Asif Movers Business Class,9:30 AM,2793.4294871794873,Business Class,Lahore,Quetta
2024-09-19,Super Mekhtar Sleeper,9:30 AM,2793.4294871794873,Sleeper,Lahore,Quetta
2024-09-19,Super Mekhtar 21 Seater,9:30 AM,2793.4294871794873,21 Seater,Lahore,Quetta
2024-09-12,Al-Yousaf Transport Business,9:30 AM,5500.0,Business,Quetta,Lahore
2024-09-12,Sada Bahar Daewoo Services Luxury,9:30 AM,2793.4294871794873,Luxury,Quetta,Lahore
2024-09-12,AD Movers 31 Seater,9:30 AM,2793.4294871794873,31 Seater,Quetta,Lahore
2024-09-12,Sada Bahar Daewoo Services Business Class,9:30 AM,2793.4294871794873,Business Class,Quetta,Lahore
2024-09-12,Al Mustafa 33 Sleeper,9:30 AM,2793.4294871794873,33 Sleeper,Quetta,Lahore
2024-09-15,Al-Yousaf Transport Business,9:30 AM,5500.0,Business,Quetta,Lahore
2024-09-15,Sada Bahar Daewoo Services Luxury,9:30 AM,2793.4294871794873,Luxury,Quetta,Lahore
2024-09-15,AD Movers 31 Seater,9:30 AM,2793.4294871794873,31 Seater,Quetta,Lahore
2024-09-15,Sada Bahar Daewoo Services Business Class,9:30 AM,2793.4294871794873,Business Class,Quetta,Lahore
2024-09-15,Al Mustafa 33 Sleeper,9:30 AM,2793.4294871794873,33 Sleeper,Quetta,Lahore
2024-09-18,Al-Yousaf Transport Business,9:30 AM,5500.0,Business,Quetta,Lahore
2024-09-18,Sada Bahar Daewoo Services Luxury,9:30 AM,2793.4294871794873,Luxury,Quetta,Lahore
2024-09-18,AD Movers 31 Seater,9:30 AM,2793.4294871794873,31 Seater,Quetta,Lahore
2024-09-18,Sada Bahar Daewoo Services Business Class,9:30 AM,2793.4294871794873,Business Class,Quetta,Lahore
2024-09-18,Al Mustafa 33 Sleeper,9:30 AM,2793.4294871794873,33 Sleeper,Quetta,Lahore
2024-09-19,Al-Yousaf Transport Business,9:30 AM,5500.0,Business,Quetta,Lahore
2024-09-19,Sada Bahar Daewoo Services Luxury,9:30 AM,2793.4294871794873,Luxury,Quetta,Lahore
2024-09-19,AD Movers 31 Seater,9:30 AM,2793.4294871794873,31 Seater,Quetta,Lahore
2024-09-19,Sada Bahar Daewoo Services Business Class,9:30 AM,2793.4294871794873,Business Class,Quetta,Lahore
2024-09-19,Al Mustafa 33 Sleeper,9:30 AM,2793.4294871794873,33 Sleeper,Quetta,Lahore
2024-09-13,Al-Yousaf Transport Business,9:30 AM,5500.0,Business,Quetta,Lahore
2024-09-13,Sada Bahar Daewoo Services Luxury,9:30 AM,2793.4294871794873,Luxury,Quetta,Lahore
2024-09-13,AD Movers 31 Seater,9:30 AM,2793.4294871794873,31 Seater,Quetta,Lahore
2024-09-13,Sada Bahar Daewoo Services Business Class,9:30 AM,2793.4294871794873,Business Class,Quetta,Lahore
2024-09-13,Al Mustafa 33 Sleeper,9:30 AM,2793.4294871794873,33 Sleeper,Quetta,Lahore
2024-09-16,Al-Yousaf Transport Business,9:30 AM,5500.0,Business,Quetta,Lahore
2024-09-16,Sada Bahar Daewoo Services Luxury,9:30 AM,2793.4294871794873,Luxury,Quetta,Lahore
2024-09-16,AD Movers 31 Seater,9:30 AM,2793.4294871794873,31 Seater,Quetta,Lahore
2024-09-16,Sada Bahar Daewoo Services Business Class,9:30 AM,2793.4294871794873,Business Class,Quetta,Lahore
2024-09-16,Al Mustafa 33 Sleeper,9:30 AM,2793.4294871794873,33 Sleeper,Quetta,Lahore
2024-09-17,Al-Yousaf Transport Business,9:30 AM,5500.0,Business,Quetta,Lahore
2024-09-17,Sada Bahar Daewoo Services Luxury,9:30 AM,2793.4294871794873,Luxury,Quetta,Lahore
2024-09-17,AD Movers 31 Seater,9:30 AM,2793.4294871794873,31 Seater,Quetta,Lahore
2024-09-17,Sada Bahar Daewoo Services Business Class,9:30 AM,2793.4294871794873,Business Class,Quetta,Lahore
2024-09-17,Al Mustafa 33 Sleeper,9:30 AM,2793.4294871794873,33 Sleeper,Quetta,Lahore
2024-09-12,Daewoo Express Luxury,9:30 AM,2793.4294871794873,Luxury,Peshawar,Rawalpindi
2024-09-14,Daewoo Express Luxury,9:30 AM,2793.4294871794873,Luxury,Peshawar,Rawalpindi
2024-09-16,Daewoo Express Luxury,9:30 AM,2793.4294871794873,Luxury,Peshawar,Rawalpindi
2024-09-12,Daewoo Express Luxury,9:30 AM,2793.4294871794873,Luxury,"Rawalpindi (Faizabad, ISB)",Peshawar
2024-09-12,Daewoo Express Luxury,9:30 AM,2793.4294871794873,Luxury,Rawalpindi,Peshawar
2024-09-13,Daewoo Express Luxury,9:30 AM,2793.4294871794873,Luxury,"Rawalpindi (Faizabad, ISB)",Peshawar
2024-09-13,Daewoo Express Luxury,9:30 AM,2793.4294871794873,Luxury,Rawalpindi,Peshawar
2024-09-14,Daewoo Express Luxury,9:30 AM,2793.4294871794873,Luxury,"Rawalpindi (Faizabad, ISB)",Peshawar
2024-09-14,Daewoo Express Luxury,9:30 AM,2793.4294871794873,Luxury,Rawalpindi,Peshawar
2024-09-15,Daewoo Express Luxury,9:30 AM,2793.4294871794873,Luxury,"Rawalpindi (Faizabad, ISB)",Peshawar
2024-09-15,Daewoo Express Luxury,9:30 AM,2793.4294871794873,Luxury,Rawalpindi,Peshawar
2024-09-16,Daewoo Express Luxury,9:30 AM,2793.4294871794873,Luxury,"Rawalpindi (Faizabad, ISB)",Peshawar
2024-09-16,Daewoo Express Luxury,9:30 AM,2793.4294871794873,Luxury,Rawalpindi,Peshawar
